endTime,artistName,trackName,Day of the Week,msPlayed
2019-09-20 23:06,blink-182,Remember To Forget Me,Friday,34020
2019-09-25 21:20,Veronica Vega,Wave (feat. Lil Wayne & Jeremih),Wednesday,52226
2019-09-30 14:40,Old Dominion,Make It Sweet,Monday,186133
2019-09-30 14:43,Chris Young,I'm Comin' Over,Monday,197280
2019-09-30 14:46,Old Dominion,Song for Another Time,Monday,191826
2019-09-30 15:58,Jonas Brothers,Fly With Me,Monday,31923
2019-09-30 16:55,Dan + Shay,Stupid Love,Monday,194693
2019-09-30 16:59,Jay Park,좋아 Joah - Remastered,Monday,230085
2019-09-30 17:53,Gente De Zona,Yo Quiero (Si Tu Te Enamoras),Monday,210973
2019-09-30 19:33,Panic! At The Disco,Nine in the Afternoon - Single Mix,Monday,198282
2019-09-30 19:35,Little Big Town,From This Dream,Monday,125633
2019-09-30 20:42,Sam Hunt,Leave The Night On,Monday,192160
2019-09-30 20:45,The Beatles,I Want To Hold Your Hand - Remastered 2015,Monday,145746
2019-09-30 20:49,Florida Georgia Line,Simple,Monday,185200
2019-09-30 21:01,Greek Fire,Top of the World,Monday,79467
2019-09-30 21:15,Jonas Brothers,Strangers,Monday,167523
2019-10-01 00:00,Phil Collins,You Can't Hurry Love - 2016 Remaster,Tuesday,39739
2019-10-01 02:25,Mark Ronson,Valerie (feat. Amy Winehouse) - Version Revisited,Tuesday,85646
2019-10-01 14:59,Mark Ronson,Valerie (feat. Amy Winehouse) - Version Revisited,Tuesday,219413
2019-10-01 15:55,Hillsong Worship,I Surrender - Live,Tuesday,224657
2019-10-01 17:12,Jonas Brothers,Paranoid,Tuesday,155412
2019-10-01 18:08,Old Dominion,My Heart Is a Bar,Tuesday,238986
2019-10-01 18:17,Twenty One Pilots,Not Today,Tuesday,228393
2019-10-01 18:19,Twenty One Pilots,House of Gold,Tuesday,163880
2019-10-01 18:45,Boys Like Girls,Five Minutes to Midnight,Tuesday,209567
2019-10-01 20:06,Robin Schulz,Sugar (feat. Francesco Yates),Tuesday,219043
2019-10-01 20:18,Joe Jonas,"Gotta Find You - From ""Camp Rock""/Soundtrack Version",Tuesday,194698
2019-10-01 20:25,Mark Keali'i Ho'omalu,"He Mele No Lilo - From ""Lilo & Stitch""/Soundtrack Version",Tuesday,148133
2019-10-01 20:56,blink-182,Darkside,Tuesday,180960
2019-10-01 20:57,Haley & Michaels,Giving It All (To You),Tuesday,54899
2019-10-01 21:00,Bowling For Soup,Almost,Tuesday,206160
2019-10-01 21:02,Old Dominion,No Such Thing as a Broken Heart,Tuesday,68909
2019-10-01 21:28,Rush,Limelight,Tuesday,259840
2019-10-01 21:40,Jet,Are You Gonna Be My Girl,Tuesday,213800
2019-10-01 21:45,Eminem,Without Me,Tuesday,290320
2019-10-01 21:49,Santana,Into the Night (feat. Chad Kroeger),Tuesday,222440
2019-10-01 21:57,U2,Vertigo,Tuesday,194520
2019-10-01 22:11,High Valley,I Be U Be,Tuesday,213093
2019-10-01 22:15,U2,The Miracle (Of Joey Ramone),Tuesday,255382
2019-10-01 22:39,Nick Jonas,"Introducing Me - From ""Camp Rock 2: The Final Jam""",Tuesday,162544
2019-10-02 00:55,BROWN & GRAY,Top Down,Wednesday,181594
2019-10-02 00:58,Guy Sebastian,Like It Like That,Wednesday,104385
2019-10-02 03:21,HIXTAPE,Nothin’ Out Here (HARDY feat. Thomas Rhett),Wednesday,214600
2019-10-02 03:22,Uzuhan,Uzusauce,Wednesday,56308
2019-10-02 03:34,Billy Joel,We Didn't Start the Fire,Wednesday,287733
2019-10-02 03:43,Kenny Chesney,All the Pretty Girls,Wednesday,212893
2019-10-02 03:55,Zac Brown Band,Chicken Fried,Wednesday,82174
2019-10-02 04:11,John Denver,"Take Me Home, Country Roads - Rerecorded",Wednesday,197813
2019-10-02 04:15,Mark Ronson,Valerie (feat. Amy Winehouse) - Version Revisited,Wednesday,219413
2019-10-02 04:20,Brewer & Shipley,One Toke Over the Line,Wednesday,199041
2019-10-02 04:49,Matthew West,Grace Wins,Wednesday,42623
2019-10-02 16:37,Sidewalk Prophets,Smile,Wednesday,176133
2019-10-02 16:41,Jonas Brothers,S.O.S.,Wednesday,153346
2019-10-02 16:48,Rudimental,"These Days (feat. Jess Glynne, Macklemore & Dan Caplen)",Wednesday,210772
2019-10-02 18:56,Pentatonix,Sing,Wednesday,105597
2019-10-02 21:07,The Beach Boys,Little Saint Nick - 1991 Remix,Wednesday,80098
2019-10-02 21:11,First Class,Beach Baby,Wednesday,289681
2019-10-02 21:14,Straight No Chaser,Feels like Christmas (feat. Jana Kramer),Wednesday,179186
2019-10-02 21:17,Thomas Rhett,Sixteen,Wednesday,178333
2019-10-02 21:28,Backstreet Boys,It's Christmas Time Again,Wednesday,203028
2019-10-02 21:36,Stellar Kart,Kiss the Girl,Wednesday,201626
2019-10-02 21:51,Beach Avenue,Coming Your Way,Wednesday,85841
2019-10-02 22:30,Frankie Valli & The Four Seasons,I've Got You Under My Skin,Wednesday,49043
2019-10-02 22:32,Frankie Valli & The Four Seasons,Alone,Wednesday,69123
2019-10-02 22:32,Frankie Valli & The Four Seasons,C'mon Marianne,Wednesday,30430
2019-10-02 22:34,Frankie Valli & The Four Seasons,Our Day Will Come - Live,Wednesday,33392
2019-10-02 22:57,Jonas Brothers,Fly With Me,Wednesday,142863
2019-10-02 23:37,Blue Öyster Cult,Burnin' for You,Wednesday,177412
2019-10-02 23:41,Sister Hazel,Mandolin Moon,Wednesday,214346
2019-10-03 00:47,The Ready Set,Love Like Woe,Thursday,119361
2019-10-03 00:58,Jay Park,좋아 Joah - Remastered,Thursday,192487
2019-10-03 04:18,Zac Brown Band,From Now On,Thursday,104885
2019-10-03 04:19,Zac Brown Band,Sweet Annie,Thursday,72842
2019-10-03 15:04,Old Dominion,Song for Another Time,Thursday,191826
2019-10-03 15:08,Elvis Presley,Burning Love - Live,Thursday,177080
2019-10-03 16:08,Phillip Phillips,Home,Thursday,172464
2019-10-03 16:24,Jonas Brothers,Paranoid,Thursday,218266
2019-10-03 16:27,Cast Of Camp Rock,We Rock,Thursday,190933
2019-10-03 16:30,Unspoken,Who You Are,Thursday,204013
2019-10-03 16:35,Michael Jackson,Beat It - Single Version,Thursday,258040
2019-10-03 16:38,American Authors,Go Big Or Go Home,Thursday,169026
2019-10-03 16:41,Rag'n'Bone Man,Human,Thursday,200186
2019-10-03 16:46,Eminem,The Real Slim Shady,Thursday,284200
2019-10-03 16:50,Nena,99 Red Balloons - Club Mix,Thursday,281453
2019-10-03 16:54,Keith Urban,You'll Think Of Me - Single Version,Thursday,231293
2019-10-03 16:58,Boys Like Girls,Be Your Everything,Thursday,210706
2019-10-03 17:01,Brewer & Shipley,One Toke Over the Line,Thursday,199041
2019-10-03 17:05,We The Kings,"Check Yes, Juliet",Thursday,220146
2019-10-03 17:23,Straight No Chaser,Text Me Merry Christmas (feat. Kristen Bell),Thursday,48699
2019-10-03 23:40,Taylor Swift,I Forgot That You Existed,Thursday,39773
2019-10-03 23:41,Taylor Swift,Cruel Summer,Thursday,50858
2019-10-03 23:43,Taylor Swift,Lover,Thursday,142992
2019-10-03 23:45,Taylor Swift,The Archer,Thursday,67049
2019-10-03 23:47,Taylor Swift,I Think He Knows,Thursday,93457
2019-10-03 23:48,Taylor Swift,Miss Americana & The Heartbreak Prince,Thursday,56207
2019-10-03 23:49,Taylor Swift,Paper Rings,Thursday,66741
2019-10-03 23:50,Taylor Swift,Cornelia Street,Thursday,68718
2019-10-03 23:51,Taylor Swift,Death By A Thousand Cuts,Thursday,59228
2019-10-03 23:52,Taylor Swift,London Boy,Thursday,79289
2019-10-03 23:56,Taylor Swift,Daylight,Thursday,46468
2019-10-04 00:03,Taylor Swift,State Of Grace,Friday,136213
2019-10-04 00:05,Taylor Swift,Red,Friday,34259
2019-10-04 00:07,Taylor Swift,Red,Friday,35059
2019-10-04 00:09,Jon Bellion,Morning In America,Friday,108574
2019-10-04 00:10,Taylor Swift,Treacherous,Friday,80898
2019-10-04 00:14,Taylor Swift,All Too Well,Friday,118065
2019-10-04 00:19,Taylor Swift,Stay Stay Stay,Friday,78177
2019-10-04 00:21,Taylor Swift,The Last Time,Friday,106688
2019-10-04 00:22,Taylor Swift,Holy Ground,Friday,92466
2019-10-04 00:23,Taylor Swift,Sad Beautiful Tragic,Friday,52539
2019-10-04 00:24,Taylor Swift,The Lucky One,Friday,71962
2019-10-04 00:25,Taylor Swift,Everything Has Changed,Friday,72841
2019-10-04 00:26,Taylor Swift,Starlight,Friday,62060
2019-10-04 00:27,Taylor Swift,Begin Again,Friday,43920
2019-10-04 00:30,Old Dominion,Half Empty,Friday,34843
2019-10-04 04:06,Fall Out Boy,"Sugar, We're Goin Down",Friday,220158
2019-10-04 04:16,Pitbull,Echa Pa'lla (Manos Pa'rriba) (feat. Papayo),Friday,196440
2019-10-04 04:32,Jet,Are You Gonna Be My Girl,Friday,213800
2019-10-04 04:35,The All-American Rejects,Dirty Little Secret,Friday,193653
2019-10-04 04:44,Robin Schulz,Sugar (feat. Francesco Yates),Friday,219043
2019-10-04 14:30,Billy Joel,We Didn't Start the Fire,Friday,287733
2019-10-04 14:34,Thomas Rhett,Marry Me,Friday,205453
2019-10-04 15:01,Old Dominion,Written in the Sand,Friday,184080
2019-10-04 15:43,Zac Brown Band,Keep Me in Mind,Friday,193698
2019-10-04 18:51,Taylor Swift,State Of Grace,Friday,140450
2019-10-05 01:18,Dan + Shay,"10,000 Hours (with Justin Bieber)",Saturday,164668
2019-10-05 01:40,Luke Combs,When It Rains It Pours,Saturday,193600
2019-10-05 20:27,Jonas Brothers,Fly With Me,Saturday,234146
2019-10-05 20:35,Stellar Kart,Can You Feel The Love Tonight,Saturday,224573
2019-10-05 20:52,The Goo Goo Dolls,Sympathy,Saturday,178146
2019-10-05 20:59,Robin Schulz,Sugar (feat. Francesco Yates),Saturday,219043
2019-10-05 21:03,Phillip Phillips,"Gone, Gone, Gone",Saturday,209693
2019-10-05 21:16,Phillip Phillips,Home,Saturday,210173
2019-10-05 21:25,Justin Moore,If Heaven Wasn't So Far Away,Saturday,50983
2019-10-06 04:41,Kacey Musgraves,Follow Your Arrow,Sunday,199640
2019-10-06 04:44,Guster,This Could All Be Yours,Sunday,212146
2019-10-06 04:48,Chris Tomlin,Holy Is The Lord,Sunday,252533
2019-10-06 04:51,Pentatonix,Cheerleader,Sunday,183066
2019-10-06 04:54,Jonas Brothers,Sucker,Sunday,181040
2019-10-06 04:58,Kid Ink,Ride Out,Sunday,211908
2019-10-06 05:04,Dan + Shay,Tequila - Acoustic,Sunday,195320
2019-10-06 05:09,"Phillips, Craig & Dean",You Are God Alone (Not A God),Sunday,258480
2019-10-06 05:12,Carly Rae Jepsen,Everywhere You Look (The Fuller House Theme),Sunday,198207
2019-10-06 05:15,Pentatonix,White Winter Hymnal,Sunday,167253
2019-10-06 05:21,Lobo,I'd Love You to Want Me,Sunday,247640
2019-10-06 05:25,The Spinners,The Rubberband Man,Sunday,215109
2019-10-06 05:29,Rob Thomas,Streetcorner Symphony,Sunday,247826
2019-10-06 05:32,Billy Currington,Hey Girl,Sunday,198301
2019-10-07 14:40,Zac Brown Band,From Now On,Monday,260960
2019-10-07 14:44,Eminem,Without Me,Monday,248090
2019-10-07 14:51,Phil Collins,You Can't Hurry Love - 2016 Remaster,Monday,175746
2019-10-07 14:55,Taylor Swift,Holy Ground,Monday,201853
2019-10-07 15:26,Taron Egerton,"I'm Still Standing - From ""Sing"" Original Motion Picture Soundtrack",Monday,187853
2019-10-07 15:28,Jonas Brothers,Paranoid,Monday,106637
2019-10-07 16:41,Jonas Brothers,Paranoid,Monday,111629
2019-10-07 19:15,Maroon 5,Lucky Strike,Monday,99381
2019-10-07 19:42,Maroon 5,Lucky Strike,Monday,86185
2019-10-07 20:19,Jonas Brothers,Lovebug,Monday,133059
2019-10-07 23:59,Dan + Shay,My Side of the Fence,Monday,122353
2019-10-08 15:08,"Earth, Wind & Fire",September,Tuesday,215080
2019-10-08 15:12,Old Dominion,Snapback,Tuesday,206506
2019-10-08 15:25,Zac Brown Band,My Old Man,Tuesday,227222
2019-10-08 16:07,Duran Duran,Hungry Like the Wolf - 2009 Remaster,Tuesday,220626
2019-10-08 16:11,Jay Park,좋아 Joah - Remastered,Tuesday,212283
2019-10-08 17:17,Taylor Swift,Holy Ground,Tuesday,140571
2019-10-08 20:00,Old Dominion,Make It Sweet,Tuesday,186133
2019-10-08 20:01,Becky G,Mayores,Tuesday,55814
2019-10-08 20:09,Rex Orange County,Sunflower,Tuesday,252230
2019-10-08 20:42,Dan + Shay,Speechless,Tuesday,159598
2019-10-08 21:14,Paramore,Misery Business,Tuesday,208299
2019-10-08 21:21,blink-182,Darkside,Tuesday,180960
2019-10-08 21:22,Train,"Hey, Soul Sister",Tuesday,34959
2019-10-08 21:25,DMX,Party Up,Tuesday,164721
2019-10-08 21:41,Sweet,Ballroom Blitz,Tuesday,246573
2019-10-08 21:54,Eminem,Berzerk,Tuesday,238746
2019-10-08 21:58,Hollywood Undead,Day Of The Dead,Tuesday,235240
2019-10-08 22:08,Daddy Yankee,Limbo,Tuesday,224693
2019-10-08 22:12,Boys Like Girls,Five Minutes to Midnight,Tuesday,227360
2019-10-08 22:16,The Killers,Mr. Brightside,Tuesday,222586
2019-10-08 22:38,Bowling For Soup,Almost,Tuesday,206160
2019-10-08 22:41,Elvis Presley,Stuck on You,Tuesday,139640
2019-10-08 22:46,Elvis Presley,Burning Love - Live,Tuesday,110277
2019-10-09 16:39,Taylor Swift,All Too Well,Wednesday,327893
2019-10-09 16:40,Stellar Kart,A Whole New World,Wednesday,65124
2019-10-09 18:53,Sidewalk Prophets,Smile,Wednesday,113547
2019-10-09 20:33,Neil Diamond,Cracklin' Rosie,Wednesday,178853
2019-10-09 20:44,The Goo Goo Dolls,Come to Me,Wednesday,225333
2019-10-09 20:47,Taylor Swift,You Belong With Me,Wednesday,232120
2019-10-09 20:52,Stellar Kart,Can You Feel The Love Tonight,Wednesday,224573
2019-10-09 21:07,Thomas Rhett,Marry Me,Wednesday,205453
2019-10-09 21:24,Passion,In Christ Alone - Live,Wednesday,53943
2019-10-09 23:53,Train,Drops of Jupiter (Tell Me),Wednesday,259933
2019-10-10 00:00,The Goo Goo Dolls,Iris,Thursday,289906
2019-10-10 15:15,Dan + Shay,Speechless,Thursday,212745
2019-10-10 15:21,Zac Brown Band,Colder Weather,Thursday,273893
2019-10-10 16:39,Joe Jonas,"Gotta Find You - From ""Camp Rock""/Soundtrack Version",Thursday,165894
2019-10-10 22:07,We The Kings,"Check Yes, Juliet",Thursday,119635
2019-10-11 16:31,Taylor Swift,Holy Ground,Friday,200146
2019-10-11 16:34,Neil Diamond,Cracklin' Rosie,Friday,178853
2019-10-11 18:47,Rend Collective,Build Your Kingdom Here,Friday,65061
2019-10-11 18:53,Elvis Presley,Stuck on You,Friday,139640
2019-10-11 18:56,Ed Sheeran,Remember The Name (feat. Eminem & 50 Cent),Friday,199458
2019-10-11 20:42,Zac Brown Band,2 Places at 1 Time,Friday,147083
2019-10-11 21:14,Mandy Moore,"I See the Light - From ""Tangled"" / Soundtrack Version",Friday,218776
2019-10-11 21:17,Neil Diamond,Cracklin' Rosie,Friday,178853
2019-10-11 21:21,Old Dominion,My Heart Is a Bar,Friday,238986
2019-10-11 21:27,Billy Joel,We Didn't Start the Fire,Friday,142321
2019-10-11 21:58,Bowling For Soup,Almost,Friday,206160
2019-10-11 22:01,Victorious Cast,Take A Hint,Friday,84784
2019-10-13 07:19,Stellar Kart,For the First Time in Forever,Sunday,43035
2019-10-13 22:05,Prince Royce,Back It Up (feat. Jennifer Lopez & Pitbull) - Spanish Version,Sunday,200952
2019-10-13 22:15,Fall Out Boy,Dear Future Self (Hands Up) [feat. Wyclef Jean],Sunday,171173
2019-10-13 22:22,Rascal Flatts,My Wish,Sunday,248280
2019-10-13 22:29,Zac Brown Band,As She's Walking Away (feat. Alan Jackson),Sunday,100000
2019-10-13 22:36,The All-American Rejects,Dirty Little Secret,Sunday,193653
2019-10-13 22:36,Chris Tomlin,Come Home Running,Sunday,37917
2019-10-14 14:40,Dan + Shay,My Side of the Fence,Monday,219826
2019-10-14 15:43,Eagles,Take It Easy - 2013 Remaster,Monday,193870
2019-10-14 16:44,Old Dominion,Nowhere Fast,Monday,188960
2019-10-14 16:48,Pitbull,Echa Pa'lla (Manos Pa'rriba) (feat. Papayo),Monday,196440
2019-10-14 16:52,Stellar Kart,Can You Feel The Love Tonight,Monday,224573
2019-10-14 18:51,Zac Brown Band,Mango Tree,Monday,95286
2019-10-14 20:47,ABBA,Chiquitita,Monday,284460
2019-10-14 20:50,Neil Diamond,Cracklin' Rosie,Monday,178853
2019-10-14 21:37,Old Dominion,Break Up with Him,Monday,154205
2019-10-15 15:04,Rex Orange County,Loving Is Easy,Tuesday,155720
2019-10-15 15:04,Macklemore & Ryan Lewis,Same Love - feat. Mary Lambert,Tuesday,32770
2019-10-15 15:15,Old Dominion,Half Empty,Tuesday,170800
2019-10-15 15:19,Taylor Swift,Holy Ground,Tuesday,201853
2019-10-15 16:08,Passion,"Lord, I Need You - Live",Tuesday,274645
2019-10-15 16:11,The Lonely Island,Semicolon,Tuesday,154933
2019-10-15 16:14,Moon Taxi,Two High,Tuesday,213120
2019-10-15 21:13,Sweet,Ballroom Blitz,Tuesday,246573
2019-10-15 21:17,Blackjack Billy,Born to Ride,Tuesday,219693
2019-10-15 21:32,Daddy Yankee,Limbo,Tuesday,224693
2019-10-15 21:39,U2,The Miracle (Of Joey Ramone),Tuesday,255382
2019-10-15 21:47,Fall Out Boy,"Sugar, We're Goin Down",Tuesday,229093
2019-10-15 21:51,Paramore,Misery Business,Tuesday,211520
2019-10-15 21:55,Twenty One Pilots,Fake You Out,Tuesday,231320
2019-10-15 21:59,Brett Dennen,Comeback Kid (That's My Dog),Tuesday,204187
2019-10-15 22:02,blink-182,Darkside,Tuesday,177124
2019-10-15 22:05,Bowling For Soup,Almost,Tuesday,206160
2019-10-15 22:12,Robin Schulz,Sugar (feat. Francesco Yates),Tuesday,219043
2019-10-15 22:16,Skillet,Feel Invincible,Tuesday,229933
2019-10-15 22:29,Fall Out Boy,The Phoenix,Tuesday,244960
2019-10-15 22:29,Ozzy Osbourne,Crazy Train,Tuesday,35242
2019-10-15 22:33,Boys Like Girls,Five Minutes to Midnight,Tuesday,227360
2019-10-15 22:53,blink-182,She's Out Of Her Mind,Tuesday,162720
2019-10-15 22:56,Veronica Vega,Wave (feat. Lil Wayne & Jeremih),Tuesday,212466
2019-10-15 23:00,Pitbull,Haciendo Ruido,Tuesday,188800
2019-10-15 23:02,Eminem,'Till I Collapse,Tuesday,92304
2019-10-16 16:45,Taron Egerton,"I'm Still Standing - From ""Sing"" Original Motion Picture Soundtrack",Wednesday,187853
2019-10-16 16:53,Elvis Presley,Stuck on You,Wednesday,139640
2019-10-16 17:52,Ozomatli,After Party,Wednesday,225960
2019-10-16 17:59,MKTO,How Can I Forget,Wednesday,177140
2019-10-16 20:17,Uncle Kracker,Floatin',Wednesday,178816
2019-10-16 20:23,Ed Sheeran,Remember The Name (feat. Eminem & 50 Cent),Wednesday,207760
2019-10-16 20:28,Crowder,Come As You Are,Wednesday,289746
2019-10-16 20:29,Gwen Stefani,The Sweet Escape,Wednesday,33232
2019-10-16 21:05,Taylor Swift,The Lucky One,Wednesday,91437
2019-10-16 22:26,Old Dominion,Some People Do,Wednesday,192492
2019-10-16 22:32,Thomas Rhett,Up,Wednesday,77248
2019-10-16 22:39,The Goo Goo Dolls,Come to Me,Wednesday,225333
2019-10-17 00:07,Chris Tomlin,Resurrection Power,Thursday,46964
2019-10-17 02:58,Thomas Rhett,Marry Me,Thursday,141397
2019-10-17 03:19,Sweet,Ballroom Blitz,Thursday,246573
2019-10-17 03:30,Fall Out Boy,"Sugar, We're Goin Down",Thursday,229093
2019-10-17 03:34,Pitbull,Echa Pa'lla (Manos Pa'rriba) (feat. Papayo),Thursday,196440
2019-10-17 03:38,Lecrae,Tell The World,Thursday,216726
2019-10-17 03:38,Sports Machine,Chicago Bulls Theme Song (Sirius) [stadium Version],Thursday,34023
2019-10-17 03:44,Fall Out Boy,The Phoenix,Thursday,244960
2019-10-17 03:50,Tech N9ne,Worldwide Choppers,Thursday,326426
2019-10-17 04:32,Veronica Vega,Wave (feat. Lil Wayne & Jeremih),Thursday,106203
2019-10-17 04:45,Old Dominion,Some People Do,Thursday,80867
2019-10-17 15:06,Thomas Rhett,Almost,Thursday,191591
2019-10-17 15:30,Rex Orange County,Sunflower,Thursday,117234
2019-10-17 16:06,Thomas Rhett,Notice,Thursday,222853
2019-10-17 16:10,Taylor Swift,Holy Ground,Thursday,201853
2019-10-17 16:12,Maddie & Tae,Fly,Thursday,122833
2019-10-17 16:16,Old Dominion,My Heart Is a Bar,Thursday,238986
2019-10-17 16:18,Creedence Clearwater Revival,Down On The Corner,Thursday,135687
2019-10-17 17:38,Post Malone,Candy Paint,Thursday,109243
2019-10-17 19:56,Thomas Rhett,Notice,Thursday,222853
2019-10-17 19:57,Allman Brothers Band,Ramblin' Man,Thursday,69644
2019-10-17 19:59,ABBA,Chiquitita,Thursday,109631
2019-10-17 20:05,Dan + Shay,"10,000 Hours (with Justin Bieber)",Thursday,149933
2019-10-17 21:14,Fall Out Boy,"Sugar, We're Goin Down",Thursday,227092
2019-10-17 21:34,U2,The Miracle (Of Joey Ramone),Thursday,255382
2019-10-17 21:37,High Valley,I Be U Be,Thursday,213093
2019-10-17 21:54,Jet,Are You Gonna Be My Girl,Thursday,213800
2019-10-17 21:57,Robin Schulz,Sugar (feat. Francesco Yates),Thursday,92654
2019-10-18 02:32,Zac Brown Band,My Old Man,Friday,54857
2019-10-18 02:35,Gin Blossoms,Hey Jealousy,Friday,236626
2019-10-18 02:38,Zac Brown Band,As She's Walking Away (feat. Alan Jackson),Friday,116073
2019-10-18 03:43,Troy,Bet On It,Friday,51535
2019-10-18 03:49,Thomas Rhett,Notice,Friday,57668
2019-10-18 03:57,Thomas Rhett,Notice,Friday,165882
2019-10-18 04:05,Old Dominion,One Man Band,Friday,186520
2019-10-18 04:14,The Goo Goo Dolls,Sympathy,Friday,178146
2019-10-18 04:31,Pitbull,Echa Pa'lla (Manos Pa'rriba) (feat. Papayo),Friday,196440
2019-10-18 04:38,Taron Egerton,"I'm Still Standing - From ""Sing"" Original Motion Picture Soundtrack",Friday,187853
2019-10-18 04:41,Florida Georgia Line,H.O.L.Y.,Friday,194186
2019-10-18 04:45,Junior Doctor,Uh Oh,Friday,217254
2019-10-18 14:47,Juan Magán,Echa Pa Aca,Friday,112735
2019-10-18 15:02,Big Sean,One Man Can Change The World,Friday,250091
2019-10-18 15:55,Big Time Rush,Boyfriend,Friday,155936
2019-10-18 16:35,Zac Brown Band,My Old Man,Friday,129520
2019-10-18 16:38,Troy,Bet On It,Friday,198320
2019-10-18 16:48,Sidewalk Prophets,Smile,Friday,176133
2019-10-18 16:52,Stealers Wheel,Stuck In The Middle With You,Friday,203893
2019-10-18 16:53,blink-182,Adam's Song,Friday,39184
2019-10-18 18:14,Post Malone,Candy Paint,Friday,227533
2019-10-18 18:19,Fall Out Boy,"Sugar, We're Goin Down",Friday,229093
2019-10-18 18:23,Jonas Brothers,Lovebug,Friday,220693
2019-10-18 18:38,Jump5,"Aloha, E Komo Mai (Theme Song from Lilo & Stitch: The Series) - Extended Version",Friday,144413
2019-10-18 18:56,Ed Sheeran,Remember The Name (feat. Eminem & 50 Cent),Friday,97130
2019-10-19 21:53,Skylar Grey,Do You Remember,Saturday,33010
2019-10-19 21:55,Sam Hunt,Kinfolks,Saturday,30060
2019-10-19 21:58,John Rzeznik,"I'm Still Here (Jim's Theme) - From ""Treasure Planet""/Soundtrack Version",Saturday,142060
2019-10-19 22:09,Troy,Bet On It,Saturday,74470
2019-10-22 15:02,Thomas Rhett,Almost,Tuesday,191591
2019-10-22 15:03,Demi Lovato,This Is Me,Tuesday,52724
2019-10-22 15:08,ABBA,Chiquitita,Tuesday,327040
2019-10-22 15:09,Fall Out Boy,The Last Of The Real Ones,Tuesday,32192
2019-10-22 15:12,One Direction,No Control,Tuesday,199720
2019-10-22 15:16,HIXTAPE,Nothin’ Out Here (HARDY feat. Thomas Rhett),Tuesday,214600
2019-10-22 15:55,Twenty One Pilots,Fake You Out,Tuesday,136859
2019-10-22 16:17,One Direction,No Control,Tuesday,199720
2019-10-22 17:48,Post Malone,Candy Paint,Tuesday,148435
2019-10-22 21:10,Alan Doyle,"1,2,3,4",Tuesday,65960
2019-10-22 21:13,Fall Out Boy,"Sugar, We're Goin Down",Tuesday,229093
2019-10-22 21:21,U2,The Miracle (Of Joey Ramone),Tuesday,255382
2019-10-22 21:27,Pitbull,Hoy Se Bebe,Tuesday,216866
2019-10-22 21:50,Fetty Wap,679 (feat. Monty),Tuesday,186986
2019-10-22 22:13,Pitbull,Echa Pa'lla (Manos Pa'rriba) (feat. Papayo),Tuesday,196440
2019-10-22 22:23,Avicii,Levels,Tuesday,321268
2019-10-22 22:30,Relient K,Sadie Hawkins Dance,Tuesday,177600
2019-10-22 22:32,Blackjack Billy,The Booze Cruise,Tuesday,175560
2019-10-22 22:35,blink-182,Darkside,Tuesday,180960
2019-10-22 22:42,Daddy Yankee,Limbo,Tuesday,224693
2019-10-22 22:44,U2,Vertigo,Tuesday,119334
2019-10-22 22:46,Old Dominion,My Heart Is a Bar,Tuesday,140637
2019-10-22 23:24,Dan + Shay,"10,000 Hours (with Justin Bieber)",Tuesday,167693
2019-10-22 23:57,Jump5,"Aloha, E Komo Mai (Theme Song from Lilo & Stitch: The Series) - Extended Version",Tuesday,58420
2019-10-23 16:50,One Direction,No Control,Wednesday,199720
2019-10-23 16:59,Thomas Rhett,Notice,Wednesday,222853
2019-10-23 17:09,Kygo,Born To Be Yours,Wednesday,139669
2019-10-23 17:29,Guy Sebastian,Like It Like That,Wednesday,172564
2019-10-23 18:35,Brett Dennen,Comeback Kid (That's My Dog),Wednesday,205373
2019-10-23 18:36,Dan + Shay,19 You + Me,Wednesday,31297
2019-10-23 18:38,Mark Ronson,Valerie (feat. Amy Winehouse) - Version Revisited,Wednesday,165549
2019-10-23 21:10,One Direction,No Control,Wednesday,199720
2019-10-23 21:15,Mumford & Sons,I Will Wait,Wednesday,276720
2019-10-23 21:17,High Valley,I Be U Be,Wednesday,147316
2019-10-23 21:25,Skillet,Feel Invincible,Wednesday,229933
2019-10-23 21:29,The Beach Boys,Barbara Ann (Stereo) - Remastered,Wednesday,203000
2019-10-23 21:36,Dire Straits,Romeo and Juliet,Wednesday,361395
2019-10-23 21:40,Backstreet Boys,In a World Like This,Wednesday,220216
2019-10-23 21:44,Anuel AA,China,Wednesday,178931
2019-10-23 21:46,Lunay,Soltera - Remix,Wednesday,68100
2019-10-23 22:03,Sean Kingston,Me Love,Wednesday,204293
2019-10-23 22:07,Mumford & Sons,The Cave,Wednesday,217986
2019-10-23 22:31,Jonas Brothers,Strangers,Wednesday,233853
2019-10-23 22:38,Old Dominion,Snapback,Wednesday,184978
2019-10-23 23:32,The Tokens,Tonight I Met an Angel,Wednesday,118306
2019-10-23 23:39,Brewer & Shipley,One Toke Over the Line,Wednesday,199041
2019-10-24 00:07,Boston,Peace of Mind,Thursday,272712
2019-10-24 16:03,Zac Brown Band,Highway 20 Ride - Greatest Hits Version,Thursday,229253
2019-10-24 16:07,Robin Schulz,Sugar (feat. Francesco Yates),Thursday,219043
2019-10-24 16:10,Taio Cruz,Break Your Heart,Thursday,186266
2019-10-24 16:14,Britney Spears,Toxic,Thursday,158868
2019-10-24 19:11,Matthew West,Truth Be Told,Thursday,219440
2019-10-24 19:16,Bowling For Soup,Almost,Thursday,193953
2019-10-24 19:20,Zac Brown Band,Whatever It Is - Greatest Hits Version,Thursday,208346
2019-10-24 19:26,Antonio Banderas,Cancion del Mariachi,Thursday,127226
2019-10-24 19:34,Thomas Rhett,Center Point Road,Thursday,94746
2019-10-24 19:36,Thomas Rhett,That Old Truck,Thursday,160968
2019-10-24 19:39,Thomas Rhett,VHS,Thursday,163119
2019-10-24 19:46,Thomas Rhett,Notice,Thursday,108022
2019-10-24 21:16,Pitbull,Echa Pa'lla (Manos Pa'rriba) (feat. Papayo),Thursday,196440
2019-10-24 21:17,Flo Rida,GDFR (feat. Sage the Gemini and Lookas) - Noodles Remix,Thursday,67024
2019-10-24 21:40,Boys Like Girls,Five Minutes to Midnight,Thursday,227360
2019-10-24 21:51,Foo Fighters,Learn to Fly,Thursday,235293
2019-10-24 21:53,Willy William,La La La,Thursday,161847
2019-10-24 21:58,Rush,Limelight,Thursday,259840
2019-10-24 22:04,Tech N9ne,Worldwide Choppers,Thursday,326426
2019-10-24 22:08,Hollywood Undead,Everywhere I Go,Thursday,210466
2019-10-24 22:14,Boys Like Girls,Heels Over Head - Tom Lord-Alge Mix,Thursday,188440
2019-10-24 22:19,Eminem,Without Me,Thursday,290320
2019-10-24 22:26,Qwote,Throw Your Hands Up (Dancar Kuduro) [Radio Edit] (feat. Pitbull & Lucenzo),Thursday,213066
2019-10-24 22:30,Skillet,Hero,Thursday,186813
2019-10-24 22:33,Skillet,Monster,Thursday,178013
2019-10-24 22:44,We The Kings,"Check Yes, Juliet",Thursday,220146
2019-10-24 23:17,Zac Brown Band,Jump Right In - Greatest Hits Version,Thursday,123961
2019-10-25 14:36,Limahl,Never Ending Story,Friday,183587
2019-10-25 14:40,Matthew West,Truth Be Told,Friday,219440
2019-10-25 14:44,Justin Bieber,That Should Be Me,Friday,230786
2019-10-25 15:48,Dan + Shay,"10,000 Hours (with Justin Bieber)",Friday,139425
2019-10-25 15:53,Pentatonix,Sing,Friday,177240
2019-10-25 16:38,Ed Sheeran,Remember The Name (feat. Eminem & 50 Cent),Friday,207760
2019-10-25 18:34,Taylor Swift,State Of Grace,Friday,101153
2019-10-25 20:00,Limahl,Never Ending Story,Friday,212173
2019-10-25 20:13,Ed Sheeran,Castle on the Hill,Friday,261153
2019-10-25 20:28,Taylor Swift,Holy Ground,Friday,201853
2019-10-25 20:35,Straight No Chaser,Text Me Merry Christmas (feat. Kristen Bell),Friday,160840
2019-10-25 20:49,Neil Diamond,Cracklin' Rosie,Friday,178853
2019-10-25 20:53,Dan + Shay,Speechless,Friday,212745
2019-10-25 20:59,Fall Out Boy,"Sugar, We're Goin Down",Friday,229093
2019-10-25 21:30,The Beach Boys,Barbara Ann (Stereo) - Remastered,Friday,145489
2019-10-25 23:54,The Goo Goo Dolls,Sympathy,Friday,68739
2019-10-26 05:25,Todd Rundgren,Bang the Drum All Day,Saturday,36480
2019-10-27 22:14,Limahl,Never Ending Story,Sunday,212173
2019-10-27 22:22,Jonas Blue,Perfect Strangers,Sunday,30686
2019-10-27 22:22,Thomas Rhett,Almost,Sunday,191591
2019-10-27 22:27,Mandy Moore,"I See the Light - From ""Tangled"" / Soundtrack Version",Sunday,221460
2019-10-27 23:12,Brad Paisley,Mud on the Tires,Sunday,208266
2019-10-27 23:26,U2,The Miracle (Of Joey Ramone),Sunday,173822
2019-10-28 14:44,Limahl,Never Ending Story,Monday,212173
2019-10-28 14:54,Neil Diamond,Cracklin' Rosie,Monday,178853
2019-10-28 15:15,MKTO,American Dream,Monday,95748
2019-10-28 16:42,Keith Urban,Parallel Line,Monday,253084
2019-10-28 17:53,Joseph Vincent,Set You Free,Monday,205529
2019-10-28 18:54,Mitchel Musso,Hey,Monday,107226
2019-10-29 15:03,Old Dominion,Make It Sweet,Tuesday,187000
2019-10-29 15:15,Junior Doctor,Uh Oh,Tuesday,217254
2019-10-29 16:15,Sidewalk Prophets,Smile,Tuesday,176133
2019-10-29 16:15,Sam Smith,Stay With Me,Tuesday,40016
2019-10-29 16:17,Lobo,California Kid and Reemo,Tuesday,81843
2019-10-29 21:30,Skillet,Feel Invincible,Tuesday,229933
2019-10-29 21:33,Jessy Matador,Allez Ola Olé,Tuesday,172745
2019-10-29 21:37,The Offspring,"You're Gonna Go Far, Kid",Tuesday,177826
2019-10-29 21:42,Fall Out Boy,The Phoenix,Tuesday,244960
2019-10-29 21:45,Willy William,La La La,Tuesday,171630
2019-10-29 21:48,blink-182,Darkside,Tuesday,178224
2019-10-29 21:51,Daddy Yankee,Limbo,Tuesday,224693
2019-10-29 21:55,Robin Schulz,Sugar (feat. Francesco Yates),Tuesday,219043
2019-10-29 21:59,Sofia Reyes,"1, 2, 3 (feat. Jason Derulo & De La Ghetto)",Tuesday,52206
2019-10-29 22:15,Sweet,Ballroom Blitz,Tuesday,246573
2019-10-29 22:22,blink-182,She's Out Of Her Mind,Tuesday,162720
2019-10-29 22:25,The All-American Rejects,Dirty Little Secret,Tuesday,193653
2019-10-29 22:28,Bowling For Soup,Almost,Tuesday,206160
2019-10-29 22:31,Kanye West,Black Skinhead,Tuesday,188013
2019-10-29 22:36,Eminem,Without Me,Tuesday,290320
2019-10-30 05:46,The Belle Stars,Iko Iko,Wednesday,53414
2019-10-30 05:47,First Class,Beach Baby,Wednesday,45102
2019-10-30 05:51,Hollywood Undead,Bullet,Wednesday,38792
2019-10-30 05:53,Hollywood Undead,Christmas In Hollywood,Wednesday,45702
2019-10-30 05:54,Daler Mehndi,Tunak Tunak Tun,Wednesday,72002
2019-10-30 05:58,Prince Royce,Back It Up (feat. Jennifer Lopez & Pitbull) - Spanish Version,Wednesday,62029
2019-10-30 05:59,Daddy Yankee,Limbo,Wednesday,34999
2019-10-30 06:04,Flight of the Conchords,Too Many Dicks (On The Dance Floor),Wednesday,30281
2019-10-30 06:07,Jump5,"Aloha, E Komo Mai (Theme Song from Lilo & Stitch: The Series) - Extended Version",Wednesday,41124
2019-10-30 06:10,O-Zone,Ma Ya Hi (Dragostea Din Tei) (feat. Lucas Prata),Wednesday,38124
2019-10-30 06:25,Sammy Adams,Driving Me Crazy,Wednesday,34202
2019-10-30 06:25,Mumford & Sons,Forever,Wednesday,90790
2019-10-30 06:34,Keith Urban,Never Comin Down,Wednesday,45424
2019-10-30 06:36,Common Kings,Take Her,Wednesday,46187
2019-10-30 06:41,Zac Brown Band,Sweet Annie,Wednesday,51826
2019-10-30 06:44,Zac Brown Band,Mango Tree,Wednesday,99071
2019-10-30 06:45,Zac Brown Band,The Wind - Greatest Hits Version,Wednesday,51967
2019-10-30 06:46,Zac Brown Band,2 Places at 1 Time,Wednesday,75614
2019-10-30 06:47,Stellar Kart,Can You Feel The Love Tonight,Wednesday,67425
2019-10-30 06:48,Phineas and the Ferbtones,Gitchee Gitchee Goo,Wednesday,30216
2019-10-30 06:51,Los Lobos,One Time One Night,Wednesday,30086
2019-10-30 16:32,Los Lobos,One Time One Night,Wednesday,289306
2019-10-30 16:37,Caesars,Jerk It Out,Wednesday,195666
2019-10-30 16:42,Frankie Valli & The Four Seasons,"December, 1963 (Oh What a Night!)",Wednesday,201093
2019-10-30 16:45,Lincoln Brewster,Made New,Wednesday,202988
2019-10-30 16:49,Kenny Chesney,American Kids,Wednesday,182960
2019-10-30 16:53,Mark Keali'i Ho'omalu,"He Mele No Lilo - From ""Lilo & Stitch""/Soundtrack Version",Wednesday,148133
2019-10-30 18:55,One Direction,No Control,Wednesday,199720
2019-10-30 18:56,PSY,DADDY,Wednesday,44963
2019-10-30 19:01,Zac Brown Band,Lance's Song,Wednesday,147321
2019-10-30 21:56,Matthew West,Truth Be Told,Wednesday,219440
2019-10-30 22:00,Thomas Rhett,Notice,Wednesday,222853
2019-10-30 22:02,Shakira,"Whenever, Wherever",Wednesday,65756
2019-10-30 22:17,Old Dominion,My Heart Is a Bar,Wednesday,234853
2019-10-30 23:31,Sidewalk Prophets,Smile,Wednesday,176133
2019-10-30 23:40,Zac Brown Band,From Now On,Wednesday,260960
2019-10-31 00:07,Zac Brown Band,Island Song,Thursday,160825
2019-10-31 15:02,Zac Brown Band,Lance's Song,Thursday,274613
2019-10-31 15:24,The Goo Goo Dolls,Come to Me,Thursday,225333
2019-10-31 15:27,Rudimental,"These Days (feat. Jess Glynne, Macklemore & Dan Caplen)",Thursday,210772
2019-10-31 16:07,Luke Bryan,Drink A Beer,Thursday,202613
2019-10-31 16:14,Lewis Capaldi,Someone You Loved,Thursday,122637
2019-10-31 21:23,Pitbull,Echa Pa'lla (Manos Pa'rriba) (feat. Papayo),Thursday,196440
2019-10-31 21:27,KB,Not Today Satan,Thursday,246545
2019-10-31 21:41,Robin Schulz,Sugar (feat. Francesco Yates),Thursday,219043
2019-10-31 21:51,Guns N' Roses,Sweet Child O' Mine,Thursday,281161
2019-10-31 21:55,U2,Vertigo,Thursday,194520
2019-10-31 21:59,Eminem,Venom - Music From The Motion Picture,Thursday,269554
2019-10-31 22:02,Jónsi,Where No One Goes,Thursday,164533
2019-10-31 22:09,Boys Like Girls,Five Minutes to Midnight,Thursday,227360
2019-10-31 22:16,Bowling For Soup,Almost,Thursday,206160
2019-10-31 22:27,Fall Out Boy,The Phoenix,Thursday,244960
2019-10-31 22:31,The All-American Rejects,Dirty Little Secret,Thursday,193653
2019-10-31 22:35,3 Doors Down,Kryptonite,Thursday,233933
2019-10-31 22:48,Skillet,Feel Invincible,Thursday,229933
2019-10-31 22:51,Kanye West,Black Skinhead,Thursday,188013
2019-10-31 22:56,Eminem,Without Me,Thursday,290320
2019-10-31 23:03,Jessie J,Bang Bang,Thursday,199320
2019-10-31 23:04,We The Kings,"Check Yes, Juliet",Thursday,44920
2019-11-01 14:59,Lobo,California Kid and Reemo,Friday,168960
2019-11-01 16:57,Backstreet Boys,It's Christmas Time Again,Friday,203028
2019-11-01 18:45,Enrique Iglesias,Bailando - Spanish Version,Friday,243413
2019-11-01 19:09,ABBA,Chiquitita,Friday,184776
2019-11-01 20:05,ABBA,Chiquitita,Friday,128260
2019-11-01 21:34,The Beach Boys,Little Saint Nick - 1991 Remix,Friday,118840
2019-11-01 21:38,Jason Derulo,Marry Me,Friday,225026
2019-11-01 21:46,Luke Combs,When It Rains It Pours,Friday,240760
2019-11-01 21:50,Brad Paisley,Mud on the Tires,Friday,208266
2019-11-01 21:50,The Word Alive,Lighthouse,Friday,30422
2019-11-01 21:56,Sister Hazel,All For You,Friday,218706
2019-11-01 22:26,Thomas Rhett,Marry Me,Friday,205453
2019-11-01 22:29,Thomas Rhett,Remember You Young,Friday,180466
2019-11-01 22:30,AronChupa,I'm an Albatraoz,Friday,48274
2019-11-02 03:32,Zac Brown Band,Lance's Song,Saturday,274613
2019-11-02 03:45,Hillsong UNITED,Oceans (Where Feet May Fail),Saturday,536000
2019-11-02 04:11,Matthew West,Truth Be Told,Saturday,219440
2019-11-02 04:14,Mandy Moore,"I See the Light - From ""Tangled"" / Soundtrack Version",Saturday,168560
2019-11-02 22:02,One Direction,Diana,Saturday,184666
2019-11-02 22:05,Zac Brown Band,The Wind - Greatest Hits Version,Saturday,176840
2019-11-02 22:15,Tame Impala,The Less I Know The Better,Saturday,216320
2019-11-02 22:19,Sam Hunt,Take Your Time,Saturday,143961
2019-11-02 22:22,Neil Diamond,Cracklin' Rosie,Saturday,178853
2019-11-02 22:22,Skillet,Rise,Saturday,49319
2019-11-02 22:29,Old Dominion,My Heart Is a Bar,Saturday,238986
2019-11-02 22:40,Train,50 Ways to Say Goodbye,Saturday,54276
2019-11-02 22:43,Sidewalk Prophets,Smile,Saturday,176133
2019-11-02 23:07,ABBA,Mamma Mia,Saturday,213164
2019-11-02 23:12,Journey,Separate Ways (Worlds Apart),Saturday,323706
2019-11-02 23:19,Pitbull,Echa Pa'lla (Manos Pa'rriba) (feat. Papayo),Saturday,196440
2019-11-02 23:25,Fall Out Boy,"Sugar, We're Goin Down",Saturday,229093
2019-11-02 23:34,Boston,Foreplay / Long Time,Saturday,463116
2019-11-02 23:47,U2,The Miracle (Of Joey Ramone),Saturday,255382
2019-11-02 23:53,Sweet,Ballroom Blitz,Saturday,246573
2019-11-02 23:57,Eminem,Berzerk,Saturday,238746
2019-11-03 00:08,Robin Schulz,Sugar (feat. Francesco Yates),Sunday,219043
2019-11-03 00:11,The Offspring,"You're Gonna Go Far, Kid",Sunday,177826
2019-11-03 00:14,Jason Derulo,"Colors - Coca-Cola® Anthem, 2018 FIFA World CupTM",Sunday,187389
2019-11-03 00:18,Macklemore & Ryan Lewis,Can't Hold Us - feat. Ray Dalton,Sunday,258342
2019-11-03 00:26,The All-American Rejects,Dirty Little Secret,Sunday,193653
2019-11-03 00:29,Boys Like Girls,Five Minutes to Midnight,Sunday,227360
2019-11-03 00:33,Blackjack Billy,The Booze Cruise,Sunday,175560
2019-11-03 00:40,Bowling For Soup,Almost,Sunday,206160
2019-11-03 00:42,Juan Magán,Echa Pa Aca,Sunday,74830
2019-11-03 00:45,ABBA,Mamma Mia,Sunday,186743
2019-11-03 22:07,ABBA,Mamma Mia,Sunday,74244
2019-11-04 16:03,Zac Brown Band,Whatever It Is - Greatest Hits Version,Monday,208346
2019-11-04 19:55,John Denver,"Leaving, On a Jet Plane - ""Greatest Hits"" Version",Monday,218908
2019-11-05 16:02,ABBA,The Winner Takes It All,Tuesday,294733
2019-11-05 16:08,Dan + Shay,"10,000 Hours (with Justin Bieber)",Tuesday,167693
2019-11-05 16:12,Elvis Presley,Burning Love - Live,Tuesday,177080
2019-11-05 16:15,Lincoln Brewster,Everlasting God,Tuesday,179803
2019-11-05 17:17,Taylor Swift,I Almost Do,Tuesday,242573
2019-11-05 19:44,Blackjack Billy,Born to Ride,Tuesday,219693
2019-11-05 19:48,Fall Out Boy,The Phoenix,Tuesday,244960
2019-11-05 19:53,AC/DC,Thunderstruck,Tuesday,292880
2019-11-05 20:10,Thousand Foot Krutch,Untraveled Road,Tuesday,235689
2019-11-05 20:15,Foo Fighters,Learn to Fly,Tuesday,235293
2019-11-05 20:18,Fall Out Boy,Death Valley,Tuesday,226720
2019-11-05 20:23,Santana,Into the Night (feat. Chad Kroeger),Tuesday,222440
2019-11-05 20:26,JAY-Z,Ni**as In Paris,Tuesday,219320
2019-11-05 20:30,Kid Ink,Ride Out,Tuesday,211908
2019-11-05 20:34,Fall Out Boy,"Sugar, We're Goin Down",Tuesday,229093
2019-11-05 20:35,Shinedown,Diamond Eyes (Boom-Lay Boom-Lay Boom),Tuesday,68615
2019-11-05 20:37,ABBA,Mamma Mia,Tuesday,155216
2019-11-05 21:16,ABBA,Mamma Mia,Tuesday,215266
2019-11-05 21:20,ABBA,When I Kissed The Teacher,Tuesday,182000
2019-11-05 21:33,Zac Brown Band,Goodbye in Her Eyes,Tuesday,324266
2019-11-05 21:37,Post Malone,Candy Paint,Tuesday,227533
2019-11-05 21:41,The Goo Goo Dolls,Come to Me,Tuesday,225333
2019-11-05 21:46,One Direction,No Control,Tuesday,199720
2019-11-05 22:17,Zac Brown Band,Loving You Easy,Tuesday,155653
2019-11-05 22:20,Sam Hunt,Leave The Night On,Tuesday,192160
2019-11-05 22:28,Jonas Brothers,Strangers,Tuesday,233853
2019-11-05 22:35,The Goo Goo Dolls,Sympathy,Tuesday,178146
2019-11-05 22:50,Troy,Bet On It,Tuesday,198320
2019-11-05 22:55,Dan + Shay,My Side of the Fence,Tuesday,214461
2019-11-06 17:37,Taylor Swift,Paper Rings,Wednesday,222400
2019-11-06 17:53,Kenny Chesney,American Kids,Wednesday,182960
2019-11-06 18:50,Dexys Midnight Runners,Come On Eileen,Wednesday,176923
2019-11-06 18:59,Taylor Swift,The Lucky One,Wednesday,240133
2019-11-06 19:56,Juan Magán,Echa Pa Aca,Wednesday,101466
2019-11-06 21:05,One Direction,No Control,Wednesday,121142
2019-11-06 22:35,James Taylor,Carolina in My Mind,Wednesday,238573
2019-11-06 22:41,Lobo,Don't Expect Me to Be Your Friend,Wednesday,217906
2019-11-06 22:44,Panic! At The Disco,High Hopes,Wednesday,190946
