endTime,artistName,trackName,Day of the Week,Genres,msPlayed
2020-03-21 22:59,Santana,Into the Night (feat. Chad Kroeger),Saturday,"['blues rock', 'classic rock', 'mexican classic rock', 'rock']",222440
2020-03-21 23:37,Elvis Presley,Suspicious Minds,Saturday,"['rock-and-roll', 'rockabilly']",261280
2020-03-22 00:00,Boston,Foreplay / Long Time,Sunday,"['album rock', 'art rock', 'classic rock', 'country rock', 'hard rock', 'mellow gold', 'rock', 'soft rock']",467640
2020-03-22 00:03,Hunter Hayes,Tattoo,Sunday,"['contemporary country', 'country', 'country road', 'modern country rock', 'neo mellow', 'pop', 'pop rock', 'post-teen pop']",196733
2020-03-22 00:17,One Direction,Diana,Sunday,"['boy band', 'pop', 'post-teen pop', 'talent show']",184666
2020-03-22 00:50,Zac Brown Band,Let It Go,Sunday,"['contemporary country', 'country', 'country road', 'modern country rock']",242853
2020-03-22 00:54,Sam Hunt,House Party,Sunday,"['contemporary country', 'country pop']",190240
2020-03-22 03:44,We The Kings,Kids In The Moonlight,Sunday,"['neon pop punk', 'piano rock', 'pop punk', 'pop rock', 'post-teen pop']",151858
2020-03-22 03:45,We The Kings,Kids In The Moonlight,Sunday,"['neon pop punk', 'piano rock', 'pop punk', 'pop rock', 'post-teen pop']",51491
2020-03-22 03:51,Neil Diamond,Cracklin' Rosie,Sunday,"['adult standards', 'brill building pop', 'folk', 'folk rock', 'mellow gold', 'singer-songwriter', 'soft rock', 'yacht rock']",176760
2020-03-22 03:54,Dan + Shay,"10,000 Hours (with Justin Bieber)",Sunday,"['contemporary country', 'pop']",164666
2020-03-22 03:57,Luke Combs,Even Though I'm Leaving,Sunday,['contemporary country'],217963
2020-03-22 04:08,Dean Brody,It's Friday,Sunday,"['canadian contemporary country', 'canadian country', 'contemporary country', 'country', 'country road', 'modern country rock']",190960
2020-03-22 04:09,J Balvin,Mi Gente,Sunday,"['latin', 'reggaeton', 'reggaeton colombiano']",31868
2020-03-22 04:12,Lady A,What I’m Leaving For,Sunday,"['contemporary country', 'country', 'country dawn', 'country pop', 'country road', 'neo mellow', 'pop rock']",197278
2020-03-22 04:13,John Denver,Calypso,Sunday,"['adult standards', 'classic country pop', 'folk', 'folk rock', 'mellow gold', 'soft rock']",73188
2020-03-22 04:16,Troy,Bet On It,Sunday,"['australian pop', 'dance pop', 'electropop', 'pop', 'pop dance', 'post-teen pop', 'viral pop']",198320
2020-03-22 04:17,Robbie Williams,"Collision of Worlds - From ""Cars 2""/Soundtrack Version",Sunday,"['dance pop', 'europop', 'pop']",37674
2020-03-22 04:24,Old Dominion,One Man Band,Sunday,"['contemporary country', 'country road']",183633
2020-03-22 04:33,Counting Crows,Big Yellow Taxi,Sunday,"['alternative rock', 'mellow gold', 'neo mellow', 'pop rock', 'rock']",59026
2020-03-22 04:37,The Goo Goo Dolls,Come to Me,Sunday,"['alternative rock', 'neo mellow', 'permanent wave', 'pop rock', 'post-grunge']",225333
2020-03-23 01:17,ABBA,Waterloo,Monday,"['europop', 'swedish pop']",153531
2020-03-23 01:20,Ed Sheeran,Nancy Mulligan,Monday,"['pop', 'uk pop']",176144
2020-03-23 01:24,Jonas Brothers,Like It's Christmas,Monday,"['boy band', 'dance pop', 'pop', 'pop dance', 'pop rock', 'post-teen pop']",200880
2020-03-23 01:25,Luke Combs,One Number Away,Monday,['contemporary country'],64912
2020-03-23 01:26,The Beach Boys,Barbara Ann,Monday,"['baroque pop', 'brill building pop', 'classic rock', 'folk rock', 'psychedelic rock', 'rock', 'sunshine pop']",79562
2020-03-23 01:42,Zac Brown Band,The Wind,Monday,"['contemporary country', 'country', 'country road', 'modern country rock']",176800
2020-03-23 01:45,Neil Diamond,Cracklin' Rosie,Monday,"['adult standards', 'brill building pop', 'folk', 'folk rock', 'mellow gold', 'singer-songwriter', 'soft rock', 'yacht rock']",178853
2020-03-23 01:49,Mandy Moore,"I See the Light - From ""Tangled"" / Soundtrack Version",Monday,"['dance pop', 'hollywood', 'movie tunes', 'post-teen pop', 'show tunes']",224240
2020-03-23 01:53,Lady A,What I’m Leaving For,Monday,"['contemporary country', 'country', 'country dawn', 'country pop', 'country road', 'neo mellow', 'pop rock']",198455
2020-03-23 01:54,Selena,Bidi Bidi Bom Bom,Monday,"['dance pop', 'pop', 'pop dance', 'post-teen pop']",83456
2020-03-23 01:58,Sam Hunt,Sinning With You,Monday,"['contemporary country', 'country pop']",50002
2020-03-23 02:01,Luke Combs,Beautiful Crazy,Monday,['contemporary country'],193200
2020-03-23 02:04,Phil Collins,Strangers Like Me,Monday,"['mellow gold', 'rock drums', 'soft rock']",180520
2020-03-23 02:05,Ryan Higa,Millennial Love (feat. Kina Grannis),Monday,[],56698
2020-03-23 02:19,Gloria Gaynor,I Will Survive - 1981 Re-recording,Monday,"['disco', 'europop']",257340
2020-03-23 02:34,Trisha Yearwood,She's In Love With The Boy - Single Version,Monday,"['contemporary country', 'country', 'country dawn', 'country road']",62760
2020-03-23 02:35,Hunter Hayes,One Shot,Monday,"['contemporary country', 'country', 'country road', 'modern country rock', 'neo mellow', 'pop', 'pop rock', 'post-teen pop']",31230
2020-03-23 02:43,Avril Lavigne,Here's to Never Growing Up,Monday,"['canadian pop', 'candy pop', 'dance pop', 'pop', 'post-teen pop']",38600
2020-03-23 02:44,Clark Richard,Red Robin,Monday,[],46060
2020-03-23 02:53,MKTO,Party With My Friends,Monday,"['dance pop', 'electropop', 'pop', 'pop rap', 'pop rock', 'post-teen pop']",87190
2020-03-23 02:55,Sam Hunt,Hard To Forget - Radio Edit,Monday,"['contemporary country', 'country pop']",95040
2020-03-23 02:58,Chris Young,Drowning - Piano Version,Monday,"['contemporary country', 'country', 'country road', 'modern country rock']",45480
2020-03-23 03:04,Rascal Flatts,I Won't Let Go,Monday,"['contemporary country', 'country', 'country road', 'pop rock']",220530
2020-03-23 03:10,Rascal Flatts,Rewind,Monday,"['contemporary country', 'country', 'country road', 'pop rock']",61100
2020-03-23 03:15,Chris Young,Raised on Country,Monday,"['contemporary country', 'country', 'country road', 'modern country rock']",104630
2020-03-23 03:23,Chris Young,Hangin' On,Monday,"['contemporary country', 'country', 'country road', 'modern country rock']",109800
2020-03-23 03:28,Chris Young,Drowning - Piano Version,Monday,"['contemporary country', 'country', 'country road', 'modern country rock']",97320
2020-03-23 03:29,The Killers,Caution - Radio Edit,Monday,"['modern rock', 'permanent wave', 'rock']",67460
2020-03-23 03:33,The Worship Initiative,Blessed Assurance,Monday,"['anthem worship', 'ccm', 'indiecoustica', 'roots worship', 'world worship']",98790
2020-03-23 03:34,Jelly Roll,Creature,Monday,"['country rap', 'nashville hip hop', 'tennessee hip hop']",49650
2020-03-23 03:34,AB,Bad Decisions,Monday,"['europop', 'swedish pop']",32790
2020-03-23 05:40,Selena,Amor Prohibido,Monday,"['dance pop', 'pop', 'pop dance', 'post-teen pop']",104580
2020-03-23 17:09,Rascal Flatts,Fast Cars And Freedom,Monday,"['contemporary country', 'country', 'country road', 'pop rock']",262186
2020-03-23 17:13,Luke Bryan,One Margarita,Monday,"['contemporary country', 'country', 'country road']",193426
2020-03-23 17:16,Selena,Bidi Bidi Bom Bom,Monday,"['dance pop', 'pop', 'pop dance', 'post-teen pop']",187524
2020-03-23 18:06,Buddy Jewell,Sweet Southern Comfort,Monday,"['country', 'country road']",211951
2020-03-23 18:20,Brad Paisley,Last Time for Everything,Monday,"['contemporary country', 'country', 'country road']",207323
2020-03-24 01:28,Selena,El Chico Del Apartamento 512,Tuesday,"['dance pop', 'pop', 'pop dance', 'post-teen pop']",204240
2020-03-24 01:30,Selena,Dreaming Of You,Tuesday,"['dance pop', 'pop', 'pop dance', 'post-teen pop']",103240
2020-03-24 01:37,Selena,Si Una Vez,Tuesday,"['dance pop', 'pop', 'pop dance', 'post-teen pop']",88090
2020-03-24 01:39,Selena,I Could Fall In Love,Tuesday,"['dance pop', 'pop', 'pop dance', 'post-teen pop']",89010
2020-03-24 02:06,Cher,Super Trouper,Tuesday,"['dance pop', 'hollywood', 'new wave pop', 'pop']",231480
2020-03-24 02:25,The Chicks,Wide Open Spaces,Tuesday,"['contemporary country', 'country', 'country dawn']",223832
2020-03-24 02:42,BgA,Who's It Gonna Be,Tuesday,"['latin', 'reggaeton', 'trap latino']",110120
2020-03-24 02:49,Luke Bryan,One Margarita,Tuesday,"['contemporary country', 'country', 'country road']",193426
2020-03-24 02:51,Chris Young,I'm Comin' Over,Tuesday,"['contemporary country', 'country', 'country road', 'modern country rock']",115575
2020-03-24 03:00,Neil Diamond,Cracklin' Rosie,Tuesday,"['adult standards', 'brill building pop', 'folk', 'folk rock', 'mellow gold', 'singer-songwriter', 'soft rock', 'yacht rock']",178853
2020-03-24 03:02,HIXTAPE,Nothin’ Out Here (HARDY feat. Thomas Rhett),Tuesday,['contemporary country'],104892
2020-03-24 03:06,Mandy Moore,"I See the Light - From ""Tangled"" / Soundtrack Version",Tuesday,"['dance pop', 'hollywood', 'movie tunes', 'post-teen pop', 'show tunes']",218746
2020-03-24 03:09,Mandy Moore,"I See the Light - From ""Tangled"" / Soundtrack Version",Tuesday,"['dance pop', 'hollywood', 'movie tunes', 'post-teen pop', 'show tunes']",208467
2020-03-24 03:11,Fall Out Boy,"Sugar, We're Goin Down",Tuesday,"['emo', 'modern rock', 'pop punk']",78247
2020-03-24 03:14,Old Dominion,My Heart Is a Bar,Tuesday,"['contemporary country', 'country road']",238986
2020-03-24 03:20,Eric Church,Give Me Back My Hometown,Tuesday,"['contemporary country', 'country', 'country road', 'modern country rock']",98467
2020-03-24 03:32,Lady A,American Honey,Tuesday,"['contemporary country', 'country', 'country dawn', 'country pop', 'country road', 'neo mellow', 'pop rock']",107273
2020-03-24 17:45,Luke Combs,Beautiful Crazy,Tuesday,['contemporary country'],63378
2020-03-24 18:11,Luke Combs,Beautiful Crazy,Tuesday,['contemporary country'],175950
2020-03-24 21:26,Selena,Bidi Bidi Bom Bom,Tuesday,"['dance pop', 'pop', 'pop dance', 'post-teen pop']",186580
2020-03-24 21:43,Veronica Vega,Wave (feat. Lil Wayne & Jeremih),Tuesday,"['rap latina', 'trap queen']",212466
2020-03-24 21:46,Fall Out Boy,Saturday Night's Alright (For Fighting),Tuesday,"['emo', 'modern rock', 'pop punk']",224306
2020-03-24 21:49,Relient K,Sadie Hawkins Dance,Tuesday,"['canadian ccm', 'christian alternative rock', 'christian music', 'christian punk', 'christian rock', 'indiecoustica', 'pop punk', 'pop rock']",177600
2020-03-24 21:53,Linkin Park,Bleed It Out,Tuesday,"['alternative metal', 'nu metal', 'post-grunge', 'rap metal']",166373
2020-03-24 22:00,Hollywood Undead,Another Way Out,Tuesday,"['alternative metal', 'modern rock', 'nu metal', 'rap metal', 'rap rock']",167666
2020-03-24 22:05,Skylar Grey,Back From The Dead,Tuesday,"['electropop', 'piano rock', 'viral pop']",70705
2020-03-25 02:51,Chris Tomlin,Holy Is The Lord,Wednesday,"['ccm', 'christian alternative rock', 'christian music', 'world worship', 'worship']",252533
2020-03-25 03:02,Sister Hazel,Mandolin Moon,Wednesday,"['acoustic pop', 'neo mellow', 'pop rock']",214346
2020-03-25 04:32,Ed Sheeran,Happier,Wednesday,"['pop', 'uk pop']",207520
2020-03-25 23:08,Sam Hunt,Hard To Forget,Wednesday,"['contemporary country', 'country pop']",204760
2020-03-25 23:14,Hot Country Knights,Pick Her Up - Radio Edit,Wednesday,[],168477
2020-03-25 23:18,Post Malone,Candy Paint,Wednesday,"['dfw rap', 'melodic rap', 'rap']",224932
2020-03-25 23:25,The White Tie Affair,Candle (Sick And Tired),Wednesday,"['alternative pop rock', 'electropowerpop', 'neon pop punk', 'pixie', 'pop emo']",226100
2020-03-26 01:49,Maroon 5,Lucky Strike,Thursday,"['pop', 'pop rock']",145410
2020-03-26 01:54,Alan Walker,All Falls Down (feat. Juliander),Thursday,['electro house'],61530
2020-03-26 03:44,P!nk,A Million Dreams,Thursday,"['dance pop', 'pop', 'post-teen pop']",273640
2020-03-26 03:59,Luke Combs,Even Though I'm Leaving,Thursday,['contemporary country'],223960
2020-03-26 04:02,Frankie Valli & The Four Seasons,"December, 1963 (Oh What a Night!)",Thursday,"['adult standards', 'brill building pop', 'bubblegum pop', 'doo-wop', 'folk rock', 'lounge', 'motown', 'northern soul', 'rock-and-roll']",201093
2020-03-26 04:28,Tim McGraw,Thought About You,Thursday,"['contemporary country', 'country', 'country road']",225694
2020-03-26 05:12,We The Kings,Kids In The Moonlight,Thursday,"['neon pop punk', 'piano rock', 'pop punk', 'pop rock', 'post-teen pop']",201813
2020-03-26 05:15,Rascal Flatts,I Like The Sound Of That,Thursday,"['contemporary country', 'country', 'country road', 'pop rock']",209280
2020-03-26 05:29,Jonas Brothers,Like It's Christmas,Thursday,"['boy band', 'dance pop', 'pop', 'pop dance', 'pop rock', 'post-teen pop']",200880
2020-03-26 05:43,Johnny Cash,Ring of Fire,Thursday,"['arkansas country', 'outlaw country']",48090
2020-03-26 05:52,KANA-BOON,Silhouette,Thursday,"['anime', 'j-pop', 'j-poprock', 'j-rock']",214100
2020-03-26 06:32,Sam Hunt,Hard To Forget,Thursday,"['contemporary country', 'country pop']",115060
2020-03-26 22:49,Rascal Flatts,I Won't Let Go,Thursday,"['contemporary country', 'country', 'country road', 'pop rock']",210720
2020-03-26 23:10,Dean Brody,It's Friday,Thursday,"['canadian contemporary country', 'canadian country', 'contemporary country', 'country', 'country road', 'modern country rock']",188990
2020-03-26 23:16,Merle Haggard,Mama Tried,Thursday,"['bakersfield sound', 'country', 'country rock', 'nashville sound', 'outlaw country']",130330
2020-03-26 23:19,The Chicks,Gaslighter,Thursday,"['contemporary country', 'country', 'country dawn']",203466
2020-03-26 23:26,The Chainsmokers,This Feeling,Thursday,"['dance pop', 'edm', 'electropop', 'pop', 'pop dance', 'tropical house']",197946
2020-03-27 04:40,Keith Urban,Days Go By,Friday,"['australian country', 'australian pop', 'contemporary country', 'country', 'country road']",105490
2020-03-27 04:44,KANA-BOON,Silhouette,Friday,"['anime', 'j-pop', 'j-poprock', 'j-rock']",240133
2020-03-27 04:48,Rascal Flatts,I Won't Let Go,Friday,"['contemporary country', 'country', 'country road', 'pop rock']",226060
2020-03-27 04:54,Dean Brody,It's Friday,Friday,"['canadian contemporary country', 'canadian country', 'contemporary country', 'country', 'country road', 'modern country rock']",190960
2020-03-27 05:12,Luke Combs,Even Though I'm Leaving,Friday,['contemporary country'],225253
2020-03-27 05:16,Kenny Chesney,All the Pretty Girls,Friday,"['contemporary country', 'country', 'country road']",212893
2020-03-27 05:19,Eric Church,Record Year,Friday,"['contemporary country', 'country', 'country road', 'modern country rock']",179346
2020-03-27 05:31,Sam Hunt,Hard To Forget,Friday,"['contemporary country', 'country pop']",204760
2020-03-27 05:59,X Ambassadors,BOOM,Friday,"['modern alternative rock', 'modern rock', 'pop', 'pop rock', 'rock', 'stomp pop']",164586
2020-03-27 19:32,Rascal Flatts,I Won't Let Go,Friday,"['contemporary country', 'country', 'country road', 'pop rock']",227760
2020-03-27 19:42,Chris Young,I'm Comin' Over,Friday,"['contemporary country', 'country', 'country road', 'modern country rock']",197280
2020-03-27 19:57,Thomas Rhett,Sixteen,Friday,"['contemporary country', 'country', 'country road', 'modern country rock']",178333
2020-03-27 20:08,MKTO,Monaco,Friday,"['dance pop', 'electropop', 'pop', 'pop rap', 'pop rock', 'post-teen pop']",227226
2020-03-28 05:29,Cher,Super Trouper,Saturday,"['dance pop', 'hollywood', 'new wave pop', 'pop']",93050
2020-03-28 05:53,KANA-BOON,Silhouette,Saturday,"['anime', 'j-pop', 'j-poprock', 'j-rock']",235880
2020-03-28 07:15,Orianthi,According To You,Saturday,['candy pop'],58610
2020-03-28 21:56,Rise Against,The Violence,Saturday,"['chicago hardcore', 'chicago punk', 'hardcore punk', 'punk']",228720
2020-03-28 22:01,Eminem,Without Me,Saturday,"['detroit hip hop', 'hip hop', 'rap']",290320
2020-03-28 22:07,Pitbull,Echa Pa'lla (Manos Pa'rriba) (feat. Papayo),Saturday,"['dance pop', 'latin', 'miami hip hop', 'pop', 'pop dance', 'pop rap']",196440
2020-03-28 22:11,Robin Schulz,Sugar (feat. Francesco Yates),Saturday,"['dance pop', 'deep euro house', 'deep house', 'edm', 'german dance', 'pop', 'pop dance', 'tropical house']",57807
2020-03-28 22:17,We The Kings,"Check Yes, Juliet",Saturday,"['neon pop punk', 'piano rock', 'pop punk', 'pop rock', 'post-teen pop']",108656
2020-03-29 20:51,Jonas Brothers,Fly With Me,Sunday,"['boy band', 'dance pop', 'pop', 'pop dance', 'pop rock', 'post-teen pop']",234146
2020-03-29 21:06,Los Lobos,One Time One Night,Sunday,['roots rock'],278390
2020-03-29 21:15,Billy Joel,We Didn't Start the Fire,Sunday,"['album rock', 'classic rock', 'folk rock', 'mellow gold', 'piano rock', 'rock', 'singer-songwriter', 'soft rock']",287733
2020-03-29 21:18,Fall Out Boy,Dear Future Self (Hands Up),Sunday,"['emo', 'modern rock', 'pop punk']",170040
2020-03-29 21:35,Junior Doctor,Uh Oh,Sunday,['pop emo'],217254
2020-03-29 21:39,Dan + Shay,My Side of the Fence,Sunday,"['contemporary country', 'pop']",219826
2020-03-29 22:00,Luke Combs,When It Rains It Pours,Sunday,['contemporary country'],240760
2020-03-29 22:04,Florida Georgia Line,H.O.L.Y.,Sunday,"['contemporary country', 'country', 'country pop', 'country road', 'modern country rock']",194186
2020-03-29 22:27,Riley Green,I Wish Grandpas Never Died,Sunday,"['contemporary country', 'country road']",250413
2020-03-29 22:37,Rascal Flatts,Dance,Sunday,"['contemporary country', 'country', 'country road', 'pop rock']",201066
2020-03-29 22:46,Rascal Flatts,My Wish,Sunday,"['contemporary country', 'country', 'country road', 'pop rock']",248280
2020-03-30 02:38,Fall Out Boy,"Sugar, We're Goin Down",Monday,"['emo', 'modern rock', 'pop punk']",125040
2020-03-30 02:41,Ed Sheeran,Nancy Mulligan,Monday,"['pop', 'uk pop']",179786
2020-03-30 02:56,The Weeknd,Blinding Lights,Monday,"['canadian contemporary r&b', 'canadian pop', 'pop']",198920
2020-03-30 06:29,Elvis Presley,Stuck on You,Monday,"['rock-and-roll', 'rockabilly']",132690
2020-03-30 18:14,John Denver,"Leaving, On a Jet Plane - ""Greatest Hits"" Version",Monday,"['adult standards', 'classic country pop', 'folk', 'folk rock', 'mellow gold', 'soft rock']",245533
2020-03-30 18:21,Rascal Flatts,What Hurts The Most,Monday,"['contemporary country', 'country', 'country road', 'pop rock']",214106
2020-03-30 18:24,Pentatonix,Sing,Monday,['a cappella'],177240
2020-03-30 18:28,Selena,Bidi Bidi Bom Bom,Monday,"['dance pop', 'pop', 'pop dance', 'post-teen pop']",187524
2020-03-30 18:32,Ozomatli,After Party,Monday,"['latin alternative', 'latinx alternative']",221325
2020-03-30 18:35,The Chicks,Gaslighter,Monday,"['contemporary country', 'country', 'country dawn']",200310
2020-03-30 20:31,Rascal Flatts,Fast Cars And Freedom,Monday,"['contemporary country', 'country', 'country road', 'pop rock']",248460
2020-03-30 23:52,Luke Bryan,One Margarita,Monday,"['contemporary country', 'country', 'country road']",147800
2020-03-30 23:53,Christina Perri,A Thousand Years,Monday,"['dance pop', 'neo mellow', 'pop', 'pop rock', 'post-teen pop', 'viral pop']",82193
2020-03-31 03:03,Selena,Bidi Bidi Bom Bom,Tuesday,"['dance pop', 'pop', 'pop dance', 'post-teen pop']",187524
2020-03-31 03:06,Chris Young,Town Ain't Big Enough,Tuesday,"['contemporary country', 'country', 'country road', 'modern country rock']",166710
2020-03-31 03:10,Sam Hunt,Hard To Forget,Tuesday,"['contemporary country', 'country pop']",202340
2020-03-31 03:38,Taylor Swift,Paper Rings,Tuesday,"['dance pop', 'pop']",205860
2020-03-31 03:52,KANA-BOON,Silhouette,Tuesday,"['anime', 'j-pop', 'j-poprock', 'j-rock']",237480
2020-03-31 20:47,We The Kings,Kids In The Moonlight,Tuesday,"['neon pop punk', 'piano rock', 'pop punk', 'pop rock', 'post-teen pop']",201813
2020-03-31 22:45,Counting Crows,Big Yellow Taxi,Tuesday,"['alternative rock', 'mellow gold', 'neo mellow', 'pop rock', 'rock']",61766
2020-03-31 22:59,Rascal Flatts,I Won't Let Go,Tuesday,"['contemporary country', 'country', 'country road', 'pop rock']",217933
2020-03-31 23:02,Chris Young,Town Ain't Big Enough,Tuesday,"['contemporary country', 'country', 'country road', 'modern country rock']",171800
2020-03-31 23:13,Sam Hunt,Hard To Forget,Tuesday,"['contemporary country', 'country pop']",204760
2020-03-31 23:16,X Ambassadors,BOOM,Tuesday,"['modern alternative rock', 'modern rock', 'pop', 'pop rock', 'rock', 'stomp pop']",164586
2020-03-31 23:26,Maroon 5,Lucky Strike,Tuesday,"['pop', 'pop rock']",185280
2020-03-31 23:39,Stellar Kart,Kiss the Girl,Tuesday,"['ccm', 'christian alternative rock', 'christian music', 'christian punk', 'christian rock', 'worship']",201626
2020-03-31 23:43,Passion,"Lord, I Need You - Live",Tuesday,"['anthem worship', 'ccm', 'christian alternative rock', 'christian music', 'world worship', 'worship']",274814
2020-03-31 23:46,Dan + Shay,Alone Together,Tuesday,"['contemporary country', 'pop']",171440
2020-03-31 23:49,Anthem Lights,Nothing Like Christmas,Tuesday,"['ccm', 'christian alternative rock', 'christian music', 'viral pop']",183287
2020-03-31 23:55,Brad Paisley,Southern Comfort Zone,Tuesday,"['contemporary country', 'country', 'country road']",316986
2020-03-31 23:59,MercyMe,Greater,Tuesday,"['anthem worship', 'ccm', 'christian alternative rock', 'christian indie', 'christian music', 'worship']",247040
2020-04-01 00:01,Haley & Michaels,Giving It All (To You),Wednesday,"['contemporary country', 'country pop']",85079
2020-04-01 00:03,Haley & Michaels,Giving It All (To You),Wednesday,"['contemporary country', 'country pop']",139523
2020-04-01 00:06,Selena,Bidi Bidi Bom Bom,Wednesday,"['dance pop', 'pop', 'pop dance', 'post-teen pop']",138663
2020-04-01 00:10,Rascal Flatts,I Won't Let Go,Wednesday,"['contemporary country', 'country', 'country road', 'pop rock']",55841
2020-04-01 19:36,Thomas Rhett,Be A Light,Wednesday,"['contemporary country', 'country', 'country road', 'modern country rock']",168320
2020-04-01 19:39,Emotional Oranges,Sundays,Wednesday,['alternative r&b'],185170
2020-04-01 19:43,KANA-BOON,Silhouette,Wednesday,"['anime', 'j-pop', 'j-poprock', 'j-rock']",240133
2020-04-01 19:47,Chris Young,Town Ain't Big Enough,Wednesday,"['contemporary country', 'country', 'country road', 'modern country rock']",167400
2020-04-01 19:53,Selena,Bidi Bidi Bom Bom,Wednesday,"['dance pop', 'pop', 'pop dance', 'post-teen pop']",182530
2020-04-01 19:57,Luke Bryan,One Margarita,Wednesday,"['contemporary country', 'country', 'country road']",192030
2020-04-01 20:04,The Weeknd,Blinding Lights,Wednesday,"['canadian contemporary r&b', 'canadian pop', 'pop']",197440
2020-04-01 21:08,MAN WITH A MISSION,Seven Deadly Sins,Wednesday,"['anime', 'anime rock', 'j-pop', 'j-poprock', 'j-rock', 'otacore']",216190
2020-04-01 21:41,Dean Brody,It's Friday,Wednesday,"['canadian contemporary country', 'canadian country', 'contemporary country', 'country', 'country road', 'modern country rock']",183230
2020-04-01 21:47,Vertical Worship,This We Know - Live,Wednesday,"['anthem worship', 'ccm', 'christian music', 'world worship', 'worship']",41352
2020-04-01 21:47,Hot Country Knights,Pick Her Up - Radio Edit,Wednesday,[],168477
2020-04-01 22:53,Emotional Oranges,West Coast Love,Wednesday,['alternative r&b'],125200
2020-04-01 23:08,Rascal Flatts,Fast Cars And Freedom,Wednesday,"['contemporary country', 'country', 'country road', 'pop rock']",251528
2020-04-01 23:16,Rascal Flatts,I Won't Let Go,Wednesday,"['contemporary country', 'country', 'country road', 'pop rock']",215775
2020-04-01 23:25,Lady A,What I’m Leaving For,Wednesday,"['contemporary country', 'country', 'country dawn', 'country pop', 'country road', 'neo mellow', 'pop rock']",203601
2020-04-01 23:28,Keith Urban,You'll Think Of Me - Single Version,Wednesday,"['australian country', 'australian pop', 'contemporary country', 'country', 'country road']",158230
2020-04-01 23:31,Dean Brody,It's Friday,Wednesday,"['canadian contemporary country', 'canadian country', 'contemporary country', 'country', 'country road', 'modern country rock']",187834
2020-04-01 23:35,Ed Sheeran,Nancy Mulligan,Wednesday,"['pop', 'uk pop']",177101
2020-04-01 23:38,Neil Diamond,Cracklin' Rosie,Wednesday,"['adult standards', 'brill building pop', 'folk', 'folk rock', 'mellow gold', 'singer-songwriter', 'soft rock', 'yacht rock']",175902
2020-04-01 23:42,Mandy Moore,"I See the Light - From ""Tangled"" / Soundtrack Version",Wednesday,"['dance pop', 'hollywood', 'movie tunes', 'post-teen pop', 'show tunes']",241903
2020-04-01 23:50,Luke Combs,Beautiful Crazy,Wednesday,['contemporary country'],67681
2020-04-02 03:00,Emotional Oranges,Sundays,Thursday,['alternative r&b'],189093
2020-04-02 03:03,Emotional Oranges,Motion,Thursday,['alternative r&b'],68660
2020-04-02 03:04,Emotional Oranges,Personal,Thursday,['alternative r&b'],71980
2020-04-02 03:07,Emotional Oranges,Corners Of My Mind,Thursday,['alternative r&b'],204500
2020-04-02 03:08,Emotional Oranges,Built That Way,Thursday,['alternative r&b'],31540
2020-04-02 03:10,Emotional Oranges,Hold You Back,Thursday,['alternative r&b'],134990
2020-04-02 03:11,Emotional Oranges,Don't Be Lazy,Thursday,['alternative r&b'],62710
2020-04-02 03:17,Blake Shelton,Nobody But You (Duet with Gwen Stefani) - Acoustic,Thursday,"['contemporary country', 'country', 'country road', 'oklahoma country']",198413
2020-04-02 03:25,Lady A,What I’m Leaving For,Thursday,"['contemporary country', 'country', 'country dawn', 'country pop', 'country road', 'neo mellow', 'pop rock']",203601
2020-04-02 03:31,Luke Combs,Beautiful Crazy,Thursday,['contemporary country'],125730
2020-04-03 02:14,Chris Young,Drowning - Piano Version,Friday,"['contemporary country', 'country', 'country road', 'modern country rock']",182357
2020-04-03 02:21,Chris Young,Town Ain't Big Enough,Friday,"['contemporary country', 'country', 'country road', 'modern country rock']",171800
2020-04-03 02:31,Lady A,What I’m Leaving For,Friday,"['contemporary country', 'country', 'country dawn', 'country pop', 'country road', 'neo mellow', 'pop rock']",203601
2020-04-03 02:38,Dan + Shay,My Side of the Fence,Friday,"['contemporary country', 'pop']",219826
2020-04-03 02:45,Arctic Monkeys,Fluorescent Adolescent,Friday,"['garage rock', 'modern rock', 'permanent wave', 'rock', 'sheffield indie']",173493
2020-04-03 02:48,Sister Hazel,All For You,Friday,"['acoustic pop', 'neo mellow', 'pop rock']",218706
2020-04-03 02:52,The Vamps,Somebody To You,Friday,"['boy band', 'dance pop', 'pop', 'post-teen pop']",182826
2020-04-03 02:58,Taylor Swift,Holy Ground,Friday,"['dance pop', 'pop']",201853
2020-04-03 15:57,Emotional Oranges,Sundays,Friday,['alternative r&b'],189093
2020-04-03 16:00,Carly Pearce,I Hope You’re Happy Now,Friday,"['contemporary country', 'country pop']",198688
2020-04-03 16:04,Emotional Oranges,West Coast Love,Friday,['alternative r&b'],215386
2020-04-03 17:05,Chris Young,Town Ain't Big Enough,Friday,"['contemporary country', 'country', 'country road', 'modern country rock']",171800
2020-04-03 17:06,Becky G,Shower,Friday,"['dance pop', 'latin', 'latin pop', 'latin viral pop', 'pop', 'post-teen pop', 'rap latina', 'reggaeton', 'trap latino']",49870
2020-04-03 17:14,Riley Green,I Wish Grandpas Never Died,Friday,"['contemporary country', 'country road']",250413
2020-04-03 17:22,Brett Young,In Case You Didn't Know,Friday,['contemporary country'],192516
2020-04-03 20:07,MAN WITH A MISSION,Seven Deadly Sins,Friday,"['anime', 'anime rock', 'j-pop', 'j-poprock', 'j-rock', 'otacore']",195590
2020-04-03 21:03,KANA-BOON,Silhouette,Friday,"['anime', 'j-pop', 'j-poprock', 'j-rock']",207300
2020-04-03 21:06,Chris Young,Drowning - Piano Version,Friday,"['contemporary country', 'country', 'country road', 'modern country rock']",126130
2020-04-03 21:10,Carly Pearce,I Hope You’re Happy Now,Friday,"['contemporary country', 'country pop']",198688
2020-04-03 21:21,Blake Shelton,Nobody But You (Duet with Gwen Stefani) - Acoustic,Friday,"['contemporary country', 'country', 'country road', 'oklahoma country']",198413
2020-04-03 21:32,Cash Cash,I Found You,Friday,"['big room', 'dance pop', 'edm', 'electro house', 'electropop', 'electropowerpop', 'indie poptimism', 'pop', 'pop dance', 'pop edm', 'tropical house']",167307
2020-04-03 21:47,Luke Combs,Beautiful Crazy,Friday,['contemporary country'],190690
2020-04-03 22:11,Jonas Brothers,Like It's Christmas,Friday,"['boy band', 'dance pop', 'pop', 'pop dance', 'pop rock', 'post-teen pop']",154550
2020-04-03 22:17,Thomas Rhett,Be A Light,Friday,"['contemporary country', 'country', 'country road', 'modern country rock']",173960
2020-04-03 22:20,Mitchel Musso,Hey,Friday,['post-teen pop'],181226
2020-04-04 18:36,Emotional Oranges,Sundays,Saturday,['alternative r&b'],187050
2020-04-04 18:46,Mark Keali'i Ho'omalu,"He Mele No Lilo - From ""Lilo & Stitch""/Soundtrack Version",Saturday,['movie tunes'],146730
2020-04-04 18:52,Emotional Oranges,Sundays,Saturday,['alternative r&b'],189093
2020-04-04 19:55,KANA-BOON,Silhouette,Saturday,"['anime', 'j-pop', 'j-poprock', 'j-rock']",235840
2020-04-04 20:02,Rascal Flatts,I Won't Let Go,Saturday,"['contemporary country', 'country', 'country road', 'pop rock']",225310
2020-04-04 20:04,Chris Young,Town Ain't Big Enough,Saturday,"['contemporary country', 'country', 'country road', 'modern country rock']",171800
2020-04-04 20:11,Lady A,What I’m Leaving For,Saturday,"['contemporary country', 'country', 'country dawn', 'country pop', 'country road', 'neo mellow', 'pop rock']",203601
2020-04-04 20:15,Dean Brody,It's Friday,Saturday,"['canadian contemporary country', 'canadian country', 'contemporary country', 'country', 'country road', 'modern country rock']",185260
2020-04-04 20:22,Luke Combs,Even Though I'm Leaving,Saturday,['contemporary country'],212010
2020-04-04 20:28,Sam Hunt,Hard To Forget,Saturday,"['contemporary country', 'country pop']",204760
2020-04-04 20:32,Bon Jovi,Who Says You Can't Go Home,Saturday,"['glam metal', 'rock']",223980
2020-04-04 21:54,Flame,Start Over (feat. NF),Saturday,"['christian hip hop', 'christian trap']",37182
2020-04-04 21:57,Luke Combs,Even Though I'm Leaving,Saturday,['contemporary country'],218123
2020-04-04 22:08,Guy Sebastian,Like It Like That,Saturday,"['australian pop', 'australian talent show']",241973
2020-04-04 22:15,Ed Sheeran,Barcelona,Saturday,"['pop', 'uk pop']",191146
2020-04-04 22:37,Zac Brown Band,As She's Walking Away (feat. Alan Jackson),Saturday,"['contemporary country', 'country', 'country road', 'modern country rock']",223826
2020-04-04 22:46,Taylor Swift,You Belong With Me,Saturday,"['dance pop', 'pop']",232120
2020-04-04 23:03,Lorrie Morgan,He Drinks Tequila,Saturday,"['country', 'country dawn', 'country rock']",189040
2020-04-04 23:09,Rex Orange County,Loving Is Easy,Saturday,"['bedroom pop', 'pop']",155720
2020-04-04 23:13,AKMU,MY DARLING,Saturday,"['k-pop', 'korean pop']",225282
2020-04-04 23:17,Old Dominion,Nowhere Fast,Saturday,"['contemporary country', 'country road']",188960
2020-04-04 23:26,Dean Brody,It's Friday,Saturday,"['canadian contemporary country', 'canadian country', 'contemporary country', 'country', 'country road', 'modern country rock']",81229
2020-04-04 23:29,Rascal Flatts,I Won't Let Go,Saturday,"['contemporary country', 'country', 'country road', 'pop rock']",227760
2020-04-05 01:50,Taylor Swift,Paper Rings,Sunday,"['dance pop', 'pop']",82881
2020-04-05 01:54,Old Dominion,My Heart Is a Bar,Sunday,"['contemporary country', 'country road']",236287
2020-04-05 01:57,Dan + Shay,"10,000 Hours (with Justin Bieber)",Sunday,"['contemporary country', 'pop']",161454
2020-04-05 02:17,Carly Pearce,I Hope You’re Happy Now,Sunday,"['contemporary country', 'country pop']",184976
2020-04-05 02:20,Chris Young,Town Ain't Big Enough,Sunday,"['contemporary country', 'country', 'country road', 'modern country rock']",171800
2020-04-05 02:23,Selena,Bidi Bidi Bom Bom,Sunday,"['dance pop', 'pop', 'pop dance', 'post-teen pop']",178307
2020-04-05 02:27,Rascal Flatts,I Won't Let Go,Sunday,"['contemporary country', 'country', 'country road', 'pop rock']",227760
2020-04-05 02:33,Luke Combs,Beautiful Crazy,Sunday,['contemporary country'],180102
2020-04-05 20:36,Carly Pearce,I Hope You’re Happy Now,Sunday,"['contemporary country', 'country pop']",198688
2020-04-05 20:40,Jordan Davis,Take It From Me,Sunday,['contemporary country'],44340
2020-04-05 20:41,Brooke White,Calico,Sunday,['idol'],43570
2020-04-05 20:44,The Click Five,Just the Girl,Sunday,"['boy band', 'neo mellow', 'neon pop punk', 'pixie', 'pop punk', 'pop rock']",208900
2020-04-05 20:45,Brendan James,Yellow Lines,Sunday,"['acoustic pop', 'indiecoustica', 'neo mellow']",42860
2020-04-05 20:46,Parachute,Without You,Sunday,"['acoustic pop', 'charlottesville indie', 'indiecoustica', 'neo mellow', 'pop', 'pop rock', 'post-teen pop', 'viral pop']",59720
2020-04-05 20:47,Francesca Battistelli,Free to Be Me,Sunday,"['anthem worship', 'ccm', 'christian alternative rock', 'christian music', 'worship']",85130
2020-04-05 20:56,Carrie Underwood,Southbound,Sunday,"['contemporary country', 'country', 'country dawn', 'country road', 'dance pop', 'oklahoma country', 'pop', 'post-teen pop']",202853
2020-04-05 20:58,Christian Lopez,Don't Wanna Say Goodnight,Sunday,['folk-pop'],84250
2020-04-05 21:05,Capital Lights,Let Your Hair Down,Sunday,"['christian alternative rock', 'christian punk', 'christian rock']",253510
2020-04-05 21:08,Dan Seals,Bop,Sunday,"['classic country pop', 'country', 'country rock']",177390
2020-04-05 21:09,Judah & the Lion,Passion Fashion feat. Jon Bellion,Sunday,"['banjo', 'folk-pop', 'indie poptimism', 'indiecoustica', 'modern alternative rock', 'modern rock', 'pop rock', 'stomp and holler']",46700
2020-04-05 21:11,The Bundys,King,Sunday,[],149720
2020-04-05 21:17,Tyler Russell,Now or Never,Sunday,[],48230
2020-04-05 21:18,Josh Kelley,Amazing,Sunday,"['acoustic pop', 'neo mellow']",58180
2020-04-05 21:20,Tenille Townes,Somebody's Daughter,Sunday,"['alberta country', 'contemporary country', 'country pop']",41230
2020-04-05 21:21,Little Big Town,Boondocks,Sunday,"['contemporary country', 'country', 'country dawn', 'country road', 'modern country rock']",59560
2020-04-05 21:24,Sam Hunt,2016,Sunday,"['contemporary country', 'country pop']",124640
2020-04-05 21:25,Ailee,Like Yesterday,Sunday,"['k-pop', 'korean pop']",44690
2020-04-05 21:25,The Worship Initiative,Behold The Lamb,Sunday,"['anthem worship', 'ccm', 'indiecoustica', 'roots worship', 'world worship']",34020
2020-04-05 21:26,Green Day,Oh Love - Otis Big Guitar Mix,Sunday,"['permanent wave', 'pop punk', 'punk']",45150
2020-04-05 22:28,Emotional Oranges,Sundays,Sunday,['alternative r&b'],189093
2020-04-05 22:31,Sam Hunt,Hard To Forget,Sunday,"['contemporary country', 'country pop']",204760
2020-04-05 22:44,The Weeknd,Blinding Lights,Sunday,"['canadian contemporary r&b', 'canadian pop', 'pop']",105306
2020-04-05 23:18,The Weeknd,Blinding Lights,Sunday,"['canadian contemporary r&b', 'canadian pop', 'pop']",96569
2020-04-05 23:22,KANA-BOON,Silhouette,Sunday,"['anime', 'j-pop', 'j-poprock', 'j-rock']",240133
2020-04-05 23:23,Luke Bryan,One Margarita,Sunday,"['contemporary country', 'country', 'country road']",56784
2020-04-06 20:20,Emotional Oranges,Sundays,Monday,['alternative r&b'],189093
2020-04-06 20:24,Emotional Oranges,West Coast Love,Monday,['alternative r&b'],215386
2020-04-06 20:42,Riley Green,I Wish Grandpas Never Died,Monday,"['contemporary country', 'country road']",250413
2020-04-06 20:43,Kelleigh Bannen,Famous,Monday,"['contemporary country', 'country dawn', 'country pop']",34276
2020-04-06 20:49,Ed Sheeran,Castle on the Hill,Monday,"['pop', 'uk pop']",261153
2020-04-06 21:10,Selena,Bidi Bidi Bom Bom,Monday,"['dance pop', 'pop', 'pop dance', 'post-teen pop']",187524
2020-04-06 21:14,Selena,El Chico Del Apartamento 512,Monday,"['dance pop', 'pop', 'pop dance', 'post-teen pop']",208866
2020-04-06 21:20,Antonio Banderas,Cancion del Mariachi,Monday,['hollywood'],127226
2020-04-06 21:21,Shawn Mendes,Señorita,Monday,"['canadian pop', 'dance pop', 'pop', 'post-teen pop', 'viral pop']",50023
2020-04-06 21:26,P!nk,A Million Dreams,Monday,"['dance pop', 'pop', 'post-teen pop']",273640
2020-04-06 21:26,Iyaz,Replay,Monday,"['dance pop', 'pop rap', 'post-teen pop']",40130
2020-04-06 21:37,Cash Cash,I Found You,Monday,"['big room', 'dance pop', 'edm', 'electro house', 'electropop', 'electropowerpop', 'indie poptimism', 'pop', 'pop dance', 'pop edm', 'tropical house']",167307
2020-04-06 21:40,Phil Collins,"Son of Man - From ""Tarzan""/Soundtrack Version",Monday,"['mellow gold', 'rock drums', 'soft rock']",166040
2020-04-06 22:24,Counting Crows,Big Yellow Taxi,Monday,"['alternative rock', 'mellow gold', 'neo mellow', 'pop rock', 'rock']",68340
2020-04-06 22:44,Juan Magán,Echa Pa Aca,Monday,"['dance pop', 'electro latino', 'latin', 'latin pop', 'reggaeton', 'tropical']",184113
2020-04-06 22:50,Tiësto,WOW,Monday,"['big room', 'brostep', 'dance pop', 'dutch edm', 'edm', 'electro house', 'house', 'pop', 'pop dance', 'trance', 'tropical house']",148125
2020-04-06 22:52,3 Doors Down,Kryptonite,Monday,"['alternative metal', 'nu metal', 'pop rock', 'post-grunge']",99254
2020-04-07 00:01,3 Doors Down,Kryptonite,Tuesday,"['alternative metal', 'nu metal', 'pop rock', 'post-grunge']",48423
2020-04-07 00:03,Selena,Bidi Bidi Bom Bom,Tuesday,"['dance pop', 'pop', 'pop dance', 'post-teen pop']",135729
2020-04-07 00:15,Emotional Oranges,Sundays,Tuesday,['alternative r&b'],161826
2020-04-07 00:20,Chris Young,Town Ain't Big Enough,Tuesday,"['contemporary country', 'country', 'country road', 'modern country rock']",102307
2020-04-07 00:26,Luke Combs,Beautiful Crazy,Tuesday,['contemporary country'],141548
2020-04-07 03:08,Counting Crows,Big Yellow Taxi,Tuesday,"['alternative rock', 'mellow gold', 'neo mellow', 'pop rock', 'rock']",225573
2020-04-07 03:16,Sister Hazel,Mandolin Moon,Tuesday,"['acoustic pop', 'neo mellow', 'pop rock']",214346
2020-04-07 03:19,Emotional Oranges,Corners Of My Mind,Tuesday,['alternative r&b'],212866
2020-04-07 03:26,Billy Joel,We Didn't Start the Fire,Tuesday,"['album rock', 'classic rock', 'folk rock', 'mellow gold', 'piano rock', 'rock', 'singer-songwriter', 'soft rock']",287733
2020-04-07 03:35,Thomas Rhett,Be A Light,Tuesday,"['contemporary country', 'country', 'country road', 'modern country rock']",173960
2020-04-07 06:10,Keith Urban,I'm In,Tuesday,"['australian country', 'australian pop', 'contemporary country', 'country', 'country road']",42830
2020-04-07 20:53,Emotional Oranges,Sundays,Tuesday,['alternative r&b'],189093
2020-04-07 21:25,Taron Egerton,"I'm Still Standing - From ""Sing"" Original Motion Picture Soundtrack",Tuesday,['hollywood'],187853
2020-04-07 21:36,Dan + Shay,"10,000 Hours (with Justin Bieber)",Tuesday,"['contemporary country', 'pop']",167693
2020-04-07 22:20,Bobby Day,Rockin' Robin,Tuesday,"['doo-wop', 'rhythm and blues', 'rock-and-roll', 'rockabilly']",160080
2020-04-07 22:42,Zac Brown Band,Lance's Song,Tuesday,"['contemporary country', 'country', 'country road', 'modern country rock']",274613
2020-04-07 22:49,Neil Diamond,Cracklin' Rosie,Tuesday,"['adult standards', 'brill building pop', 'folk', 'folk rock', 'mellow gold', 'singer-songwriter', 'soft rock', 'yacht rock']",178853
2020-04-07 23:34,Rex Orange County,Loving Is Easy,Tuesday,"['bedroom pop', 'pop']",155720
2020-04-07 23:37,blink-182,She's Out Of Her Mind,Tuesday,"['pop punk', 'punk', 'socal pop punk']",162720
2020-04-07 23:59,Spencer Crandall,Do It All Again,Tuesday,"['contemporary country', 'country pop']",203018
2020-04-08 00:02,Pentatonix,Sing,Wednesday,['a cappella'],177240
2020-04-08 00:06,Dean Brody,It's Friday,Wednesday,"['canadian contemporary country', 'canadian country', 'contemporary country', 'country', 'country road', 'modern country rock']",190960
2020-04-08 00:21,Old Dominion,Make It Sweet,Wednesday,"['contemporary country', 'country road']",187000
2020-04-08 00:23,Elvis Presley,Stuck on You,Wednesday,"['rock-and-roll', 'rockabilly']",139640
2020-04-08 00:36,The Tokens,Tonight I Met an Angel,Wednesday,"['brill building pop', 'doo-wop', 'sunshine pop']",118306
2020-04-08 00:47,Chris Young,Town Ain't Big Enough,Wednesday,"['contemporary country', 'country', 'country road', 'modern country rock']",171800
2020-04-08 00:54,The Goo Goo Dolls,Come to Me,Wednesday,"['alternative rock', 'neo mellow', 'permanent wave', 'pop rock', 'post-grunge']",225333
2020-04-08 02:58,Smash Mouth,I'm A Believer - Radio Edit,Wednesday,"['alternative rock', 'pop rock']",183400
2020-04-08 03:35,Hillsong Worship,I Surrender - Live,Wednesday,"['ccm', 'christian music', 'russian ccm', 'world worship', 'worship']",346346
2020-04-08 03:41,Kacey Musgraves,Follow Your Arrow,Wednesday,"['contemporary country', 'country dawn', 'pop', 'texas country']",199640
2020-04-08 03:48,ABBA,Waterloo,Wednesday,"['europop', 'swedish pop']",168826
2020-04-08 06:21,Sam Hunt,Leave The Night On,Wednesday,"['contemporary country', 'country pop']",65300
2020-04-08 18:04,We The Kings,Kids In The Moonlight,Wednesday,"['neon pop punk', 'piano rock', 'pop punk', 'pop rock', 'post-teen pop']",201813
2020-04-08 18:47,Chris Tomlin,Whom Shall I Fear (God Of Angel Armies),Wednesday,"['ccm', 'christian alternative rock', 'christian music', 'world worship', 'worship']",267906
2020-04-08 20:28,KANA-BOON,Silhouette,Wednesday,"['anime', 'j-pop', 'j-poprock', 'j-rock']",240133
2020-04-08 20:37,John Denver,"Leaving, On a Jet Plane - ""Greatest Hits"" Version",Wednesday,"['adult standards', 'classic country pop', 'folk', 'folk rock', 'mellow gold', 'soft rock']",245533
2020-04-08 20:42,Three Dog Night,Joy To The World,Wednesday,"['album rock', 'art rock', 'blues rock', 'brill building pop', 'bubblegum pop', 'classic rock', 'country rock', 'folk', 'folk rock', 'hard rock', 'heartland rock', 'mellow gold', 'rock', 'roots rock', 'soft rock']",161410
2020-04-08 21:21,Counting Crows,Big Yellow Taxi,Wednesday,"['alternative rock', 'mellow gold', 'neo mellow', 'pop rock', 'rock']",225573
2020-04-08 21:38,Tim McGraw,Thought About You,Wednesday,"['contemporary country', 'country', 'country road']",225694
2020-04-08 21:56,Zac Brown Band,Lance's Song,Wednesday,"['contemporary country', 'country', 'country road', 'modern country rock']",274613
2020-04-08 22:15,Zac Brown Band,My Old Man,Wednesday,"['contemporary country', 'country', 'country road', 'modern country rock']",227222
2020-04-08 22:29,Blake Shelton,Nobody But You (Duet with Gwen Stefani) - Acoustic,Wednesday,"['contemporary country', 'country', 'country road', 'oklahoma country']",198413
2020-04-09 02:15,Cher,Super Trouper,Thursday,"['dance pop', 'hollywood', 'new wave pop', 'pop']",231480
2020-04-09 03:19,Tame Impala,The Less I Know The Better,Thursday,"['australian psych', 'neo-psychedelic']",216320
2020-04-09 03:31,Zac Brown Band,Goodbye in Her Eyes,Thursday,"['contemporary country', 'country', 'country road', 'modern country rock']",324266
2020-04-09 03:54,Boys Like Girls,Five Minutes to Midnight,Thursday,"['neo mellow', 'neon pop punk', 'pop punk', 'pop rock', 'post-teen pop']",227360
2020-04-09 04:06,Hillsong UNITED,Hosanna,Thursday,"['ccm', 'christian alternative rock', 'christian music', 'world worship', 'worship']",330360
2020-04-09 04:13,The Goo Goo Dolls,Come to Me,Thursday,"['alternative rock', 'neo mellow', 'permanent wave', 'pop rock', 'post-grunge']",225333
2020-04-09 04:30,Tim McGraw,Just To See You Smile,Thursday,"['contemporary country', 'country', 'country road']",215173
2020-04-09 04:50,Robin Schulz,Sugar (feat. Francesco Yates),Thursday,"['dance pop', 'deep euro house', 'deep house', 'edm', 'german dance', 'pop', 'pop dance', 'tropical house']",219043
2020-04-09 04:59,David Ball,Riding With Private Malone,Thursday,"['country', 'country road', 'country rock']",275053
2020-04-09 05:06,Journey,Faithfully,Thursday,"['album rock', 'classic rock', 'hard rock', 'mellow gold', 'rock', 'soft rock']",253530
2020-04-09 20:57,Twenty One Pilots,Fake You Out,Thursday,"['modern rock', 'rock']",231320
2020-04-09 22:42,HIXTAPE,Nothin’ Out Here (HARDY feat. Thomas Rhett),Thursday,['contemporary country'],176530
2020-04-10 01:12,Gorillaz,Feel Good Inc.,Friday,['alternative hip hop'],69740
2020-04-10 01:15,Gorillaz,Clint Eastwood,Friday,['alternative hip hop'],111620
2020-04-10 02:22,Carly Pearce,I Hope You’re Happy Now,Friday,"['contemporary country', 'country pop']",90925
2020-04-10 02:25,Rascal Flatts,I Won't Let Go,Friday,"['contemporary country', 'country', 'country road', 'pop rock']",224129
2020-04-10 02:50,Plain White T's,Rhythm Of Love,Friday,"['neo mellow', 'pop', 'pop punk', 'pop rock']",73091
2020-04-10 02:51,Dean Brody,It's Friday,Friday,"['canadian contemporary country', 'canadian country', 'contemporary country', 'country', 'country road', 'modern country rock']",75982
2020-04-10 02:54,Phillip Phillips,Home,Friday,"['folk-pop', 'modern rock', 'neo mellow', 'pop rock']",210173
2020-04-10 02:56,Taylor Swift,The Lucky One,Friday,"['dance pop', 'pop']",72953
2020-04-10 02:59,Ed Sheeran,Nancy Mulligan,Friday,"['pop', 'uk pop']",179786
2020-04-10 03:02,Ed Sheeran,Happier,Friday,"['pop', 'uk pop']",207520
2020-04-10 03:05,Luke Combs,Beautiful Crazy,Friday,['contemporary country'],193200
2020-04-10 03:09,Lady A,What I’m Leaving For,Friday,"['contemporary country', 'country', 'country dawn', 'country pop', 'country road', 'neo mellow', 'pop rock']",196643
2020-04-10 03:11,The Goo Goo Dolls,Sympathy,Friday,"['alternative rock', 'neo mellow', 'permanent wave', 'pop rock', 'post-grunge']",120470
2020-04-10 22:22,Gorillaz,Feel Good Inc.,Friday,['alternative hip hop'],222640
2020-04-10 22:30,Gorillaz,Clint Eastwood,Friday,['alternative hip hop'],232348
2020-04-10 22:33,U2,Vertigo,Friday,"['irish rock', 'permanent wave', 'rock']",194520
2020-04-10 22:36,Hollywood Undead,Another Way Out,Friday,"['alternative metal', 'modern rock', 'nu metal', 'rap metal', 'rap rock']",167666
2020-04-10 22:40,Pitbull,Free Free Free,Friday,"['dance pop', 'latin', 'miami hip hop', 'pop', 'pop dance', 'pop rap']",200727
2020-04-11 06:59,Jelani Aryeh,Stella Brown,Saturday,"['alternative r&b', 'bedroom soul']",125357
2020-04-11 20:23,Jelani Aryeh,Stella Brown,Saturday,"['alternative r&b', 'bedroom soul']",187415
2020-04-11 20:24,Joey + Rory,"Cheater, Cheater",Saturday,"['country', 'country dawn']",50761
2020-04-11 20:27,Emotional Oranges,West Coast Love,Saturday,['alternative r&b'],215386
2020-04-11 20:28,VERIDIA,Disconnected,Saturday,"['christian alternative rock', 'christian rock', 'pixie', 'pop emo']",48986
2020-04-11 23:55,Jelani Aryeh,Stella Brown,Saturday,"['alternative r&b', 'bedroom soul']",177694
2020-04-12 00:01,Emotional Oranges,Sundays,Sunday,['alternative r&b'],103585
2020-04-12 00:02,Emotional Oranges,Sundays,Sunday,['alternative r&b'],87113
2020-04-12 00:09,Secondhand Serenade,Fall For You,Sunday,"['neo mellow', 'piano rock', 'pixie', 'pop punk', 'pop rock']",102771
2020-04-12 00:16,Luke Bryan,Most People Are Good,Sunday,"['contemporary country', 'country', 'country road']",221800
2020-04-12 00:17,Passenger,Let Her Go,Sunday,"['folk-pop', 'neo mellow', 'pop']",59328
2020-04-14 02:36,Emotional Oranges,West Coast Love,Tuesday,['alternative r&b'],215386
2020-04-14 02:46,Luke Combs,Even Though I'm Leaving,Tuesday,['contemporary country'],225253
2020-04-14 02:52,Jelani Aryeh,Stella Brown,Tuesday,"['alternative r&b', 'bedroom soul']",182610
2020-04-14 02:56,Rascal Flatts,I Won't Let Go,Tuesday,"['contemporary country', 'country', 'country road', 'pop rock']",226450
2020-04-14 03:10,Blake Shelton,Nobody But You (Duet with Gwen Stefani) - Acoustic,Tuesday,"['contemporary country', 'country', 'country road', 'oklahoma country']",196840
2020-04-14 03:27,FLOW,GO!!!,Tuesday,"['anime', 'anime score', 'j-poprock', 'otacore']",89100
2020-04-14 03:28,Runrig,Tear Down These Walls,Tuesday,"['celtic', 'celtic rock', 'scottish rock']",92040
2020-04-14 03:31,TWICE,Like Ooh-Ahh,Tuesday,"['k-pop', 'k-pop girl group']",52550
2020-04-14 03:32,PSY,"It's Art (Music from Fantastic Duo 2, Pt. 4)",Tuesday,"['k-pop', 'k-rap']",65670
2020-04-14 03:35,PSY,It's Art - Live,Tuesday,"['k-pop', 'k-rap']",33610
2020-04-14 03:42,Merle Haggard,Mama Tried,Tuesday,"['bakersfield sound', 'country', 'country rock', 'nashville sound', 'outlaw country']",134453
2020-04-14 03:52,Justin Moore,If Heaven Wasn't So Far Away,Tuesday,"['arkansas country', 'contemporary country', 'country', 'country road', 'modern country rock', 'redneck']",223280
2020-04-14 03:59,Jason Derulo,In My Head,Tuesday,"['dance pop', 'pop', 'pop dance', 'pop rap', 'post-teen pop']",199026
2020-04-14 04:01,Mark Keali'i Ho'omalu,"He Mele No Lilo - From ""Lilo & Stitch""/Soundtrack Version",Tuesday,['movie tunes'],148133
2020-04-14 04:19,Phil Collins,You Can't Hurry Love - 2016 Remaster,Tuesday,"['mellow gold', 'rock drums', 'soft rock']",175746
2020-04-14 21:56,KANA-BOON,Silhouette,Tuesday,"['anime', 'j-pop', 'j-poprock', 'j-rock']",235750
2020-04-14 22:33,Redbone,Come and Get Your Love,Tuesday,"['native american', 'native american contemporary']",300666
2020-04-14 23:35,MKTO,Monaco,Tuesday,"['dance pop', 'electropop', 'pop', 'pop rap', 'pop rock', 'post-teen pop']",125390
2020-04-14 23:39,Lady A,Champagne Night - From Songland,Tuesday,"['contemporary country', 'country', 'country dawn', 'country pop', 'country road', 'neo mellow', 'pop rock']",35894
2020-04-14 23:42,Jelani Aryeh,Stella Brown,Tuesday,"['alternative r&b', 'bedroom soul']",176800
2020-04-14 23:46,Jason Derulo,In My Head,Tuesday,"['dance pop', 'pop', 'pop dance', 'pop rap', 'post-teen pop']",48870
2020-04-14 23:47,Jonas Brothers,What A Man Gotta Do,Tuesday,"['boy band', 'dance pop', 'pop', 'pop dance', 'pop rock', 'post-teen pop']",58191
2020-04-14 23:52,Chris Young,Drowning - Piano Version,Tuesday,"['contemporary country', 'country', 'country road', 'modern country rock']",71447
2020-04-15 20:11,Declan McKenna,Brazil,Wednesday,"['indie pop', 'modern alternative rock', 'modern rock', 'rock']",250600
2020-04-15 20:25,Thomas Rhett,Be A Light,Wednesday,"['contemporary country', 'country', 'country road', 'modern country rock']",173960
2020-04-15 20:28,Stellar Kart,Can You Feel The Love Tonight,Wednesday,"['ccm', 'christian alternative rock', 'christian music', 'christian punk', 'christian rock', 'worship']",224573
2020-04-15 20:29,Kevin Rudolf,Here's To Us,Wednesday,"['dance pop', 'pop rap']",43885
2020-04-15 20:37,Jelani Aryeh,Stella Brown,Wednesday,"['alternative r&b', 'bedroom soul']",187415
2020-04-15 20:56,Frankie Valli & The Four Seasons,Beggin' - 2007 Remaster,Wednesday,"['adult standards', 'brill building pop', 'bubblegum pop', 'doo-wop', 'folk rock', 'lounge', 'motown', 'northern soul', 'rock-and-roll']",168706
2020-04-15 21:00,Donnie Trumpet & The Social Experiment,Sunday Candy,Wednesday,['pop soul'],226013
2020-04-15 21:10,The Goo Goo Dolls,Sympathy,Wednesday,"['alternative rock', 'neo mellow', 'permanent wave', 'pop rock', 'post-grunge']",178146
2020-04-15 21:19,Boys Like Girls,Five Minutes to Midnight,Wednesday,"['neo mellow', 'neon pop punk', 'pop punk', 'pop rock', 'post-teen pop']",227360
2020-04-15 21:27,Lady A,American Honey,Wednesday,"['contemporary country', 'country', 'country dawn', 'country pop', 'country road', 'neo mellow', 'pop rock']",224866
2020-04-15 21:32,Edwin McCain,I'll Be - 45 Version,Wednesday,"['acoustic pop', 'neo mellow', 'pop rock']",266280
2020-04-15 21:51,Bowling For Soup,High School Never Ends - Main Version - Explicit,Wednesday,"['comic', 'pop punk', 'texas pop punk']",209040
2020-04-15 22:02,Sister Hazel,All For You,Wednesday,"['acoustic pop', 'neo mellow', 'pop rock']",218706
2020-04-15 22:19,Riley Green,I Wish Grandpas Never Died,Wednesday,"['contemporary country', 'country road']",242900
2020-04-15 22:22,Jonas Brothers,Like It's Christmas,Wednesday,"['boy band', 'dance pop', 'pop', 'pop dance', 'pop rock', 'post-teen pop']",200880
2020-04-15 22:26,Stellar Kart,Can You Feel The Love Tonight,Wednesday,"['ccm', 'christian alternative rock', 'christian music', 'christian punk', 'christian rock', 'worship']",224573
2020-04-16 06:18,Tim McGraw,Thought About You,Thursday,"['contemporary country', 'country', 'country road']",31580
2020-04-16 19:52,Lady A,Champagne Night - From Songland,Thursday,"['contemporary country', 'country', 'country dawn', 'country pop', 'country road', 'neo mellow', 'pop rock']",185069
2020-04-16 20:04,The Foundations,Build Me Up Buttercup,Thursday,"['brill building pop', 'bubblegum pop', 'folk rock', 'motown']",177533
2020-04-16 20:11,Elvis Presley,Burning Love - Live,Thursday,"['rock-and-roll', 'rockabilly']",177080
2020-04-16 20:14,One Direction,Diana,Thursday,"['boy band', 'pop', 'post-teen pop', 'talent show']",184666
2020-04-16 20:44,Kings Kaleidoscope,Fix My Eyes,Thursday,"['anthem worship', 'ccm', 'christian pop', 'christian uplift', 'indiecoustica', 'roots worship', 'world worship', 'worship']",293173
2020-04-16 20:51,Keith Urban,I'm In,Thursday,"['australian country', 'australian pop', 'contemporary country', 'country', 'country road']",273520
2020-04-16 20:55,Cher,Super Trouper,Thursday,"['dance pop', 'hollywood', 'new wave pop', 'pop']",231480
2020-04-16 20:59,Zac Brown Band,Whatever It Is,Thursday,"['contemporary country', 'country', 'country road', 'modern country rock']",208213
2020-04-16 21:24,Old Dominion,Written in the Sand,Thursday,"['contemporary country', 'country road']",184080
2020-04-16 21:28,Steven Curtis Chapman,Cinderella,Thursday,"['ccm', 'christian alternative rock', 'christian music', 'worship']",265253
2020-04-16 21:39,Jonas Brothers,Lovebug,Thursday,"['boy band', 'dance pop', 'pop', 'pop dance', 'pop rock', 'post-teen pop']",220693
2020-04-16 21:49,Jonas Brothers,Strangers,Thursday,"['boy band', 'dance pop', 'pop', 'pop dance', 'pop rock', 'post-teen pop']",233853
2020-04-16 21:56,Taylor Swift,Paper Rings,Thursday,"['dance pop', 'pop']",222400
2020-04-16 22:00,Panic! At The Disco,Nine in the Afternoon - Single Mix,Thursday,"['baroque pop', 'emo', 'modern rock']",191560
2020-04-16 23:54,Lady Gaga,Telephone,Thursday,"['dance pop', 'pop', 'pop dance']",220626
2020-04-17 20:14,Gorillaz,Feel Good Inc.,Friday,['alternative hip hop'],222640
2020-04-17 21:14,Lady A,Champagne Night - From Songland,Friday,"['contemporary country', 'country', 'country dawn', 'country pop', 'country road', 'neo mellow', 'pop rock']",185069
2020-04-17 21:17,Phil Collins,"Son of Man - From ""Tarzan""/Soundtrack Version",Friday,"['mellow gold', 'rock drums', 'soft rock']",166040
2020-04-17 21:27,PSY,"It's Art (Music from Fantastic Duo 2, Pt. 4)",Friday,"['k-pop', 'k-rap']",245802
2020-04-18 03:33,Justin Moore,If Heaven Wasn't So Far Away,Saturday,"['arkansas country', 'contemporary country', 'country', 'country road', 'modern country rock', 'redneck']",106366
2020-04-18 03:39,Sister Hazel,Mandolin Moon,Saturday,"['acoustic pop', 'neo mellow', 'pop rock']",214346
2020-04-18 04:09,High Valley,She's With Me,Saturday,"['alberta country', 'canadian contemporary country', 'canadian country', 'contemporary country', 'country', 'country pop', 'country road', 'modern country rock']",44327
2020-04-18 04:19,Taron Egerton,"I'm Still Standing - From ""Sing"" Original Motion Picture Soundtrack",Saturday,['hollywood'],187853
2020-04-18 04:24,Spencer Crandall,Do It All Again,Saturday,"['contemporary country', 'country pop']",203018
2020-04-18 04:52,Chris Tomlin,Whom Shall I Fear (God Of Angel Armies),Saturday,"['ccm', 'christian alternative rock', 'christian music', 'world worship', 'worship']",33182
2020-04-18 22:20,Boston,Peace of Mind,Saturday,"['album rock', 'art rock', 'classic rock', 'country rock', 'hard rock', 'mellow gold', 'rock', 'soft rock']",303586
2020-04-18 22:31,Kings of Leon,Sex on Fire,Saturday,"['modern rock', 'rock']",134729
2020-04-19 00:03,Kings of Leon,Sex on Fire,Sunday,"['modern rock', 'rock']",35150
2020-04-19 00:06,Selena,Bidi Bidi Bom Bom,Sunday,"['dance pop', 'pop', 'pop dance', 'post-teen pop']",178226
2020-04-19 00:14,Sara Evans,Suds in the Bucket,Sunday,"['contemporary country', 'country', 'country dawn', 'country gospel', 'country road']",227266
2020-04-19 00:30,Thomas Rhett,Almost,Sunday,"['contemporary country', 'country', 'country road', 'modern country rock']",52484
2020-04-19 00:44,Chris Tomlin,"Sing, Sing, Sing",Sunday,"['ccm', 'christian alternative rock', 'christian music', 'world worship', 'worship']",115310
2020-04-19 19:22,Jelani Aryeh,Stella Brown,Sunday,"['alternative r&b', 'bedroom soul']",178165
2020-04-19 19:40,Keith Urban,Somewhere In My Car,Sunday,"['australian country', 'australian pop', 'contemporary country', 'country', 'country road']",58842
2020-04-20 19:01,The Goo Goo Dolls,Come to Me,Monday,"['alternative rock', 'neo mellow', 'permanent wave', 'pop rock', 'post-grunge']",225333
2020-04-20 19:04,Dan + Shay,Speechless,Monday,"['contemporary country', 'pop']",172737
2020-04-20 21:09,PSY,"It's Art (Music from Fantastic Duo 2, Pt. 4)",Monday,"['k-pop', 'k-rap']",92550
2020-04-20 21:12,Lady A,Champagne Night - From Songland,Monday,"['contemporary country', 'country', 'country dawn', 'country pop', 'country road', 'neo mellow', 'pop rock']",185069
2020-04-20 21:17,Brenton Brown,Hosanna (Praise Is Rising) - Everlasting God Album Version,Monday,['worship'],272647
2020-04-20 21:21,Big Daddy Weave,The Only Name (Yours Will Be),Monday,"['anthem worship', 'ccm', 'christian alternative rock', 'christian music', 'worship']",261880
2020-04-21 06:55,Junior Doctor,Uh Oh,Tuesday,['pop emo'],166830
2020-04-21 08:02,Hillsong UNITED,Oceans (Where Feet May Fail),Tuesday,"['ccm', 'christian alternative rock', 'christian music', 'world worship', 'worship']",142417
2020-04-22 08:26,Hillsong UNITED,Oceans (Where Feet May Fail),Wednesday,"['ccm', 'christian alternative rock', 'christian music', 'world worship', 'worship']",153588
2020-04-22 20:23,The Weeknd,Blinding Lights,Wednesday,"['canadian contemporary r&b', 'canadian pop', 'pop']",200040
2020-04-22 20:49,Ailee,여인의 향기,Wednesday,"['k-pop', 'korean pop']",212560
2020-04-22 21:07,Luke Bryan,One Margarita,Wednesday,"['contemporary country', 'country', 'country road']",166920
2020-04-22 21:12,Thomas Rhett,Be A Light,Wednesday,"['contemporary country', 'country', 'country road', 'modern country rock']",173960
2020-04-22 21:20,The Goo Goo Dolls,Come to Me,Wednesday,"['alternative rock', 'neo mellow', 'permanent wave', 'pop rock', 'post-grunge']",225333
2020-04-22 21:49,Thomas Rhett,Remember You Young,Wednesday,"['contemporary country', 'country', 'country road', 'modern country rock']",180466
2020-04-22 21:57,Thomas Rhett,Almost,Wednesday,"['contemporary country', 'country', 'country road', 'modern country rock']",191591
2020-04-22 22:02,Lady Gaga,Just Dance,Wednesday,"['dance pop', 'pop', 'pop dance']",84218
2020-04-23 07:36,Chris Tomlin,Amazing Grace (My Chains Are Gone),Thursday,"['ccm', 'christian alternative rock', 'christian music', 'world worship', 'worship']",157495
2020-04-23 20:35,Selena,Bidi Bidi Bom Bom,Thursday,"['dance pop', 'pop', 'pop dance', 'post-teen pop']",180950
2020-04-23 20:39,ABBA,Waterloo,Thursday,"['europop', 'swedish pop']",151300
2020-04-23 20:42,We The Kings,Kids In The Moonlight,Thursday,"['neon pop punk', 'piano rock', 'pop punk', 'pop rock', 'post-teen pop']",201813
2020-04-23 20:47,Blake Shelton,Nobody But You (Duet with Gwen Stefani) - Acoustic,Thursday,"['contemporary country', 'country', 'country road', 'oklahoma country']",198413
2020-04-23 20:48,Ylvis,Mr. Toot,Thursday,['comic'],54836
2020-04-23 20:51,Jelani Aryeh,Stella Brown,Thursday,"['alternative r&b', 'bedroom soul']",185810
2020-04-23 21:31,Hot Country Knights,Pick Her Up - Radio Edit,Thursday,[],168477
2020-04-24 04:21,The Beatles,"Ob-La-Di, Ob-La-Da - Remastered 2009",Friday,"['beatlesque', 'british invasion', 'classic rock', 'merseybeat', 'psychedelic rock', 'rock']",133960
2020-04-24 07:55,Hillsong Worship,I Surrender - Live,Friday,"['ccm', 'christian music', 'russian ccm', 'world worship', 'worship']",233145
2020-04-24 20:28,Brewer & Shipley,One Toke Over the Line,Friday,"['country rock', 'folk rock', 'mellow gold', 'soft rock']",199173
2020-04-24 20:54,The Chicks,Gaslighter,Friday,"['contemporary country', 'country', 'country dawn']",203466
2020-04-24 21:03,Kenny Chesney,American Kids,Friday,"['contemporary country', 'country', 'country road']",49760
2020-04-24 21:21,Rascal Flatts,My Wish,Friday,"['contemporary country', 'country', 'country road', 'pop rock']",248280
2020-04-24 21:32,Jonas Brothers,What A Man Gotta Do,Friday,"['boy band', 'dance pop', 'pop', 'pop dance', 'pop rock', 'post-teen pop']",180644
2020-04-24 21:39,Mike Posner,Cooler Than Me,Friday,"['dance pop', 'edm', 'pop', 'pop dance', 'pop rap']",195020
2020-04-24 21:43,John Denver,Calypso,Friday,"['adult standards', 'classic country pop', 'folk', 'folk rock', 'mellow gold', 'soft rock']",213870
2020-04-25 00:19,Joseph Vincent,Set You Free,Saturday,"['pop', 'viral pop']",205529
2020-04-25 00:32,Dan + Shay,"10,000 Hours (with Justin Bieber)",Saturday,"['contemporary country', 'pop']",167693
2020-04-25 00:36,Kurt Hugo Schneider,Not Over You,Saturday,"['channel pop', 'indie cafe pop', 'pop', 'post-teen pop', 'viral pop']",224347
2020-04-25 00:47,Zac Brown Band,My Old Man,Saturday,"['contemporary country', 'country', 'country road', 'modern country rock']",211374
2020-04-25 00:50,MAN WITH A MISSION,Seven Deadly Sins,Saturday,"['anime', 'anime rock', 'j-pop', 'j-poprock', 'j-rock', 'otacore']",207000
2020-04-25 00:52,Billy Joel,Piano Man,Saturday,"['album rock', 'classic rock', 'folk rock', 'mellow gold', 'piano rock', 'rock', 'singer-songwriter', 'soft rock']",75445
2020-04-25 00:55,Selena,Bidi Bidi Bom Bom,Saturday,"['dance pop', 'pop', 'pop dance', 'post-teen pop']",185058
2020-04-25 00:58,Spencer Crandall,Do It All Again,Saturday,"['contemporary country', 'country pop']",200354
2020-04-25 00:59,Blake Shelton,Nobody But You (Duet with Gwen Stefani) - Acoustic,Saturday,"['contemporary country', 'country', 'country road', 'oklahoma country']",42678
2020-04-25 01:02,Blake Shelton,Nobody But You (Duet with Gwen Stefani) - Acoustic,Saturday,"['contemporary country', 'country', 'country road', 'oklahoma country']",151550
2020-04-25 01:05,Rascal Flatts,I Won't Let Go,Saturday,"['contemporary country', 'country', 'country road', 'pop rock']",211348
2020-04-25 01:50,Thomas Rhett,Be A Light,Saturday,"['contemporary country', 'country', 'country road', 'modern country rock']",73233
2020-04-25 01:52,Thomas Rhett,Be A Light,Saturday,"['contemporary country', 'country', 'country road', 'modern country rock']",96639
2020-04-25 01:59,Frankie Valli & The Four Seasons,"December, 1963 (Oh What a Night!)",Saturday,"['adult standards', 'brill building pop', 'bubblegum pop', 'doo-wop', 'folk rock', 'lounge', 'motown', 'northern soul', 'rock-and-roll']",194953
2020-04-25 02:19,Counting Crows,Big Yellow Taxi,Saturday,"['alternative rock', 'mellow gold', 'neo mellow', 'pop rock', 'rock']",42353
2020-04-25 02:27,Mandy Moore,"I See the Light - From ""Tangled"" / Soundtrack Version",Saturday,"['dance pop', 'hollywood', 'movie tunes', 'post-teen pop', 'show tunes']",216673
2020-04-25 02:35,Junior Doctor,Uh Oh,Saturday,['pop emo'],213218
2020-04-25 02:40,Mark Keali'i Ho'omalu,"He Mele No Lilo - From ""Lilo & Stitch""/Soundtrack Version",Saturday,['movie tunes'],109099
2020-04-25 03:21,Sam Hunt,Hard To Forget,Saturday,"['contemporary country', 'country pop']",204760
2020-04-25 04:34,ABBA,Waterloo,Saturday,"['europop', 'swedish pop']",168826
2020-04-25 20:15,Emotional Oranges,Sundays,Saturday,['alternative r&b'],189093
2020-04-25 20:32,Zac Brown Band,2 Places at 1 Time,Saturday,"['contemporary country', 'country', 'country road', 'modern country rock']",92160
2020-04-25 21:32,Dean Brody,It's Friday,Saturday,"['canadian contemporary country', 'canadian country', 'contemporary country', 'country', 'country road', 'modern country rock']",190960
2020-04-25 21:36,Thomas Rhett,Die A Happy Man,Saturday,"['contemporary country', 'country', 'country road', 'modern country rock']",227426
2020-04-25 21:40,Bowling For Soup,Girl All the Bad Guys Want,Saturday,"['comic', 'pop punk', 'texas pop punk']",197800
2020-04-25 22:01,Zac Brown Band,Whatever It Is,Saturday,"['contemporary country', 'country', 'country road', 'modern country rock']",208213
2020-04-25 22:09,Thomas Rhett,Remember You Young,Saturday,"['contemporary country', 'country', 'country road', 'modern country rock']",180466
2020-04-25 22:12,Keith Urban,Raise 'Em Up,Saturday,"['australian country', 'australian pop', 'contemporary country', 'country', 'country road']",184946
2020-04-25 22:30,Alan Jackson,Remember When,Saturday,"['contemporary country', 'country', 'country road', 'country rock']",271280
2020-04-25 22:34,Sam Hunt,Make You Miss Me,Saturday,"['contemporary country', 'country pop']",225693
2020-04-25 22:40,Bowling For Soup,Almost,Saturday,"['comic', 'pop punk', 'texas pop punk']",103380
2020-04-25 22:41,Bowling For Soup,Almost,Saturday,"['comic', 'pop punk', 'texas pop punk']",82843
2020-04-25 22:45,Sam Hunt,Hard To Forget,Saturday,"['contemporary country', 'country pop']",204760
2020-04-25 22:50,Luke Bryan,Rain Is A Good Thing,Saturday,"['contemporary country', 'country', 'country road']",130520
2020-04-25 23:11,Emotional Oranges,West Coast Love,Saturday,['alternative r&b'],191780
2020-04-26 22:21,Billy Joel,The Longest Time,Sunday,"['album rock', 'classic rock', 'folk rock', 'mellow gold', 'piano rock', 'rock', 'singer-songwriter', 'soft rock']",205859
2020-04-26 22:36,The Tech Thieves,Fake,Sunday,"['bass trap', 'modern alternative rock', 'traprun']",141176
2020-04-26 22:39,Journey,Separate Ways (Worlds Apart),Sunday,"['album rock', 'classic rock', 'hard rock', 'mellow gold', 'rock', 'soft rock']",214856
2020-04-27 20:14,Jelani Aryeh,Stella Brown,Monday,"['alternative r&b', 'bedroom soul']",187415
2020-04-27 20:18,Billy Joel,The Longest Time,Monday,"['album rock', 'classic rock', 'folk rock', 'mellow gold', 'piano rock', 'rock', 'singer-songwriter', 'soft rock']",216230
2020-04-27 20:26,Buddy Jewell,Sweet Southern Comfort,Monday,"['country', 'country road']",212906
2020-04-27 20:40,Luke Combs,Even Though I'm Leaving,Monday,['contemporary country'],225253
2020-04-27 20:44,The Goo Goo Dolls,Come to Me,Monday,"['alternative rock', 'neo mellow', 'permanent wave', 'pop rock', 'post-grunge']",225333
2020-04-27 20:47,Chase Rice,Eyes On You,Monday,"['contemporary country', 'country', 'country road', 'modern country rock']",182493
2020-04-27 20:50,Jonas Brothers,Sucker,Monday,"['boy band', 'dance pop', 'pop', 'pop dance', 'pop rock', 'post-teen pop']",181026
2020-04-27 20:54,The Worship Initiative,Chain Breaker,Monday,"['anthem worship', 'ccm', 'indiecoustica', 'roots worship', 'world worship']",192080
2020-04-27 21:36,Gorillaz,Clint Eastwood,Monday,['alternative hip hop'],300910
2020-04-27 21:47,Christina Perri,A Thousand Years,Monday,"['dance pop', 'neo mellow', 'pop', 'pop rock', 'post-teen pop', 'viral pop']",285120
2020-04-28 07:18,Phil Collins,You Can't Hurry Love - 2016 Remaster,Tuesday,"['mellow gold', 'rock drums', 'soft rock']",75280
2020-04-28 19:10,Billy Joel,The Longest Time,Tuesday,"['album rock', 'classic rock', 'folk rock', 'mellow gold', 'piano rock', 'rock', 'singer-songwriter', 'soft rock']",200274
2020-04-28 19:20,Luke Bryan,One Margarita,Tuesday,"['contemporary country', 'country', 'country road']",110970
2020-04-29 00:50,Michael Bublé,Feeling Good,Wednesday,"['adult standards', 'canadian pop', 'jazz pop', 'lounge']",42410
2020-04-29 20:47,Taron Egerton,"I'm Still Standing - From ""Sing"" Original Motion Picture Soundtrack",Wednesday,['hollywood'],187853
2020-04-29 20:53,The Tokens,Tonight I Met an Angel,Wednesday,"['brill building pop', 'doo-wop', 'sunshine pop']",118306
2020-04-29 20:57,Emotional Oranges,West Coast Love,Wednesday,['alternative r&b'],215386
2020-04-29 21:01,Elvis Presley,(You're The) Devil In Disguise,Wednesday,"['rock-and-roll', 'rockabilly']",140680
2020-04-29 21:27,Brad Paisley,Mud on the Tires,Wednesday,"['contemporary country', 'country', 'country road']",208266
2020-04-30 07:25,AMP,Never Change,Thursday,[],49300
2020-04-30 19:09,Kings of Leon,Sex on Fire,Thursday,"['modern rock', 'rock']",58268
2020-04-30 19:11,Kings of Leon,Sex on Fire,Thursday,"['modern rock', 'rock']",144935
2020-04-30 19:15,Billy Joel,The Longest Time,Thursday,"['album rock', 'classic rock', 'folk rock', 'mellow gold', 'piano rock', 'rock', 'singer-songwriter', 'soft rock']",217906
2020-04-30 19:19,Runrig,Tear Down These Walls,Thursday,"['celtic', 'celtic rock', 'scottish rock']",248413
2020-04-30 19:22,Sam Hunt,Hard To Forget,Thursday,"['contemporary country', 'country pop']",204760
2020-04-30 19:27,Zac Brown Band,From Now On,Thursday,"['contemporary country', 'country', 'country road', 'modern country rock']",260960
2020-04-30 19:31,Brad Paisley,Moonshine in the Trunk,Thursday,"['contemporary country', 'country', 'country road']",238613
2020-04-30 19:35,Keith Urban,I'm In,Thursday,"['australian country', 'australian pop', 'contemporary country', 'country', 'country road']",273520
2020-04-30 19:39,Terry Jacks,Seasons in the Sun,Thursday,['classic uk pop'],205586
2020-04-30 19:43,Gloria Gaynor,I Will Survive - 1981 Re-recording,Thursday,"['disco', 'europop']",261173
2020-04-30 19:47,U2,The Miracle (Of Joey Ramone),Thursday,"['irish rock', 'permanent wave', 'rock']",255382
2020-04-30 19:50,The Weeknd,Blinding Lights,Thursday,"['canadian contemporary r&b', 'canadian pop', 'pop']",200040
2020-04-30 19:53,Hot Country Knights,Pick Her Up - Radio Edit,Thursday,[],168477
2020-04-30 19:57,Zac Brown Band,Mango Tree,Thursday,"['contemporary country', 'country', 'country road', 'modern country rock']",221120
2020-04-30 20:01,Ailee,여인의 향기,Thursday,"['k-pop', 'korean pop']",212560
2020-04-30 20:02,Selena,Bidi Bidi Bom Bom,Thursday,"['dance pop', 'pop', 'pop dance', 'post-teen pop']",55456
2020-04-30 22:26,Emotional Oranges,West Coast Love,Thursday,['alternative r&b'],196917
2020-04-30 22:29,Twenty One Pilots,House of Gold,Thursday,"['modern rock', 'rock']",163880
2020-04-30 22:32,Old Dominion,Make It Sweet,Thursday,"['contemporary country', 'country road']",187000
2020-04-30 23:38,Shakira,Can't Remember to Forget You (feat. Rihanna),Thursday,"['colombian pop', 'dance pop', 'latin', 'latin pop', 'pop']",206866
2020-04-30 23:41,Luke Bryan,One Margarita,Thursday,"['contemporary country', 'country', 'country road']",167555
2020-05-01 00:14,Billy Joel,The Longest Time,Friday,"['album rock', 'classic rock', 'folk rock', 'mellow gold', 'piano rock', 'rock', 'singer-songwriter', 'soft rock']",176100
2020-05-01 00:17,Billy Joel,The Longest Time,Friday,"['album rock', 'classic rock', 'folk rock', 'mellow gold', 'piano rock', 'rock', 'singer-songwriter', 'soft rock']",33296
2020-05-01 00:20,Jelani Aryeh,Stella Brown,Friday,"['alternative r&b', 'bedroom soul']",187415
2020-05-01 00:21,Dean Brody,It's Friday,Friday,"['canadian contemporary country', 'canadian country', 'contemporary country', 'country', 'country road', 'modern country rock']",72503
2020-05-01 17:49,Phil Collins,"Son of Man - From ""Tarzan""/Soundtrack Version",Friday,"['mellow gold', 'rock drums', 'soft rock']",166040
2020-05-01 18:05,Taylor Swift,Paper Rings,Friday,"['dance pop', 'pop']",222400
2020-05-01 18:09,Macklemore,Good Old Days (feat. Kesha),Friday,"['pop rap', 'seattle hip hop']",240506
2020-05-01 18:18,Rush,Limelight,Friday,"['album rock', 'art rock', 'canadian metal', 'classic canadian rock', 'classic rock', 'hard rock', 'metal', 'progressive rock', 'rock']",259840
2020-05-01 18:27,Jelani Aryeh,Stella Brown,Friday,"['alternative r&b', 'bedroom soul']",187415
2020-05-01 18:30,The Jackson 5,I Want You Back,Friday,"['adult standards', 'motown']",176333
2020-05-01 20:04,Nickelback,When We Stand Together,Friday,"['alternative metal', 'canadian rock', 'nu metal', 'post-grunge']",74341
2020-05-01 20:07,Emotional Oranges,Sundays,Friday,['alternative r&b'],186680
2020-05-01 20:11,Emotional Oranges,West Coast Love,Friday,['alternative r&b'],215386
2020-05-01 20:24,Chris Young,Drowning - Piano Version,Friday,"['contemporary country', 'country', 'country road', 'modern country rock']",182357
2020-05-01 20:27,Chris Young,Town Ain't Big Enough,Friday,"['contemporary country', 'country', 'country road', 'modern country rock']",171800
2020-05-01 20:34,Luke Bryan,One Margarita,Friday,"['contemporary country', 'country', 'country road']",193426
2020-05-01 20:49,Andy Grammer,"Don't Give Up On Me - (From ""Five Feet Apart"")",Friday,"['dance pop', 'modern rock', 'neo mellow', 'pop', 'pop rock', 'post-teen pop']",196187
2020-05-01 20:52,5 Seconds of Summer,Youngblood,Friday,"['boy band', 'dance pop', 'pop', 'post-teen pop']",203417
2020-05-01 21:01,Eminem,The Real Slim Shady,Friday,"['detroit hip hop', 'hip hop', 'rap']",192230
2020-05-01 23:02,Dean Brody,It's Friday,Friday,"['canadian contemporary country', 'canadian country', 'contemporary country', 'country', 'country road', 'modern country rock']",127291
2020-05-01 23:05,Billy Joel,The Longest Time,Friday,"['album rock', 'classic rock', 'folk rock', 'mellow gold', 'piano rock', 'rock', 'singer-songwriter', 'soft rock']",121007
2020-05-01 23:08,Ed Sheeran,Nancy Mulligan,Friday,"['pop', 'uk pop']",72028
2020-05-01 23:22,Brad Paisley,Mud on the Tires,Friday,"['contemporary country', 'country', 'country road']",72913
2020-05-02 01:37,One Direction,No Control,Saturday,"['boy band', 'pop', 'post-teen pop', 'talent show']",197360
2020-05-02 01:48,Emotional Oranges,Sundays,Saturday,['alternative r&b'],181736
2020-05-02 01:51,Billy Joel,The Longest Time,Saturday,"['album rock', 'classic rock', 'folk rock', 'mellow gold', 'piano rock', 'rock', 'singer-songwriter', 'soft rock']",202431
2020-05-02 22:27,Kings of Leon,Sex on Fire,Saturday,"['modern rock', 'rock']",203346
2020-05-02 22:37,Miani,Tu vivi nell'aria - Goodzilla Bounce Remix Edit,Saturday,[],74257
2020-05-03 05:33,Alan Jackson,Remember When,Sunday,"['contemporary country', 'country', 'country road', 'country rock']",271280
2020-05-03 05:37,James Taylor,Carolina in My Mind,Sunday,"['adult standards', 'classic rock', 'folk', 'folk rock', 'mellow gold', 'rock', 'roots rock', 'singer-songwriter', 'soft rock']",238573
2020-05-03 05:54,Brett Dennen,Comeback Kid (That's My Dog),Sunday,"['acoustic pop', 'indie folk', 'neo mellow', 'pop rock', 'stomp and holler']",205373
2020-05-03 05:58,The Killers,When You Were Young,Sunday,"['modern rock', 'permanent wave', 'rock']",220426
2020-05-03 06:00,The Beach Boys,I Get Around (Mono),Sunday,"['baroque pop', 'brill building pop', 'classic rock', 'folk rock', 'psychedelic rock', 'rock', 'sunshine pop']",134386
2020-05-03 06:09,Declan McKenna,Brazil,Sunday,"['indie pop', 'modern alternative rock', 'modern rock', 'rock']",252306
2020-05-03 06:21,Emotional Oranges,Corners Of My Mind,Sunday,['alternative r&b'],212866
2020-05-03 06:26,Mumford & Sons,Forever,Sunday,"['modern folk rock', 'modern rock', 'stomp and holler', 'uk americana']",276780
2020-05-03 06:38,The Beach Boys,Barbara Ann (Stereo) - Remastered,Sunday,"['baroque pop', 'brill building pop', 'classic rock', 'folk rock', 'psychedelic rock', 'rock', 'sunshine pop']",203000
2020-05-03 06:44,Yiruma,Kiss The Rain,Sunday,"['neo-classical', 'new age piano']",213440
2020-05-03 19:22,Luke Bryan,One Margarita,Sunday,"['contemporary country', 'country', 'country road']",160298
2020-05-03 19:31,The Goo Goo Dolls,Come to Me,Sunday,"['alternative rock', 'neo mellow', 'permanent wave', 'pop rock', 'post-grunge']",225333
2020-05-03 19:38,Luke Bryan,Fast,Sunday,"['contemporary country', 'country', 'country road']",69230
2020-05-03 19:46,Rascal Flatts,Fast Cars And Freedom,Sunday,"['contemporary country', 'country', 'country road', 'pop rock']",248285
2020-05-03 19:52,The Beatles,"Ob-La-Di, Ob-La-Da - Remastered 2009",Sunday,"['beatlesque', 'british invasion', 'classic rock', 'merseybeat', 'psychedelic rock', 'rock']",188960
2020-05-03 19:56,Billy Joel,The Longest Time,Sunday,"['album rock', 'classic rock', 'folk rock', 'mellow gold', 'piano rock', 'rock', 'singer-songwriter', 'soft rock']",77381
2020-05-03 19:57,Declan McKenna,Brazil,Sunday,"['indie pop', 'modern alternative rock', 'modern rock', 'rock']",62985
2020-05-03 20:01,Emotional Oranges,West Coast Love,Sunday,['alternative r&b'],212199
2020-05-03 20:05,Enrique Iglesias,Bailando - Spanish Version,Sunday,"['dance pop', 'latin', 'latin pop', 'mexican pop', 'pop', 'tropical']",62971
2020-05-03 21:05,Jay Park,좋아 Joah (Remastered),Sunday,"['k-pop', 'k-rap', 'korean r&b']",230085
2020-05-03 21:08,Macklemore & Ryan Lewis,White Walls (feat. ScHoolboy Q & Hollis),Sunday,"['dance pop', 'pop', 'pop dance', 'pop rap', 'seattle hip hop']",219425
2020-05-03 21:09,Ed Sheeran,Thinking out Loud,Sunday,"['pop', 'uk pop']",42560
2020-05-04 00:30,Jeremy Camp,Jesus Saves,Monday,"['anthem worship', 'ccm', 'christian alternative rock', 'christian music', 'world worship', 'worship']",225797
2020-05-04 00:38,Riley Green,I Wish Grandpas Never Died,Monday,"['contemporary country', 'country road']",250413
2020-05-04 00:42,One Direction,Story of My Life,Monday,"['boy band', 'pop', 'post-teen pop', 'talent show']",245493
2020-05-04 00:45,American Authors,Go Big Or Go Home,Monday,"['indie poptimism', 'modern alternative rock', 'modern rock', 'pop rock']",169026
2020-05-04 00:59,Nico & Vinz,Am I Wrong,Monday,"['dance pop', 'pop rap']",111306
2020-05-04 03:29,Yiruma,Kiss The Rain,Monday,"['neo-classical', 'new age piano']",260653
2020-05-04 03:39,John Denver,"Leaving, On a Jet Plane - ""Greatest Hits"" Version",Monday,"['adult standards', 'classic country pop', 'folk', 'folk rock', 'mellow gold', 'soft rock']",245533
2020-05-04 03:49,Old Dominion,Some People Do,Monday,"['contemporary country', 'country road']",196266
2020-05-04 03:53,Blue Öyster Cult,Burnin' for You,Monday,"['album rock', 'art rock', 'blues rock', 'classic rock', 'hard rock', 'metal', 'rock', 'soft rock']",271000
2020-05-04 03:57,Guy Sebastian,Like It Like That,Monday,"['australian pop', 'australian talent show']",241973
2020-05-04 04:01,Lady Gaga,Applause,Monday,"['dance pop', 'pop', 'pop dance']",212333
2020-05-04 04:04,Brett Eldredge,Beat of the Music,Monday,"['contemporary country', 'country', 'country road', 'modern country rock']",179293
2020-05-04 04:06,Anthony Gonzalez,Proud Corazón,Monday,['movie tunes'],123703
2020-05-04 04:11,Keith Urban,Somebody Like You,Monday,"['australian country', 'australian pop', 'contemporary country', 'country', 'country road']",323040
2020-05-04 04:16,Los Lobos,"Come On, Let's Go",Monday,['roots rock'],120466
2020-05-04 04:21,Keith Urban,Cop Car,Monday,"['australian country', 'australian pop', 'contemporary country', 'country', 'country road']",256746
2020-05-04 04:23,Andy Grammer,Fine By Me,Monday,"['dance pop', 'modern rock', 'neo mellow', 'pop', 'pop rock', 'post-teen pop']",172893
2020-05-04 04:27,Old Dominion,Song for Another Time,Monday,"['contemporary country', 'country road']",191826
2020-05-04 04:30,OMI,Cheerleader - Felix Jaehn Remix Radio Edit,Monday,"['dance pop', 'pop dance']",181826
2020-05-04 04:33,AMP,Far Greater,Monday,[],225020
2020-05-04 04:38,Big Daddy Weave,My Story,Monday,"['anthem worship', 'ccm', 'christian alternative rock', 'christian music', 'worship']",278320
2020-05-04 04:42,U2,Beautiful Day,Monday,"['irish rock', 'permanent wave', 'rock']",244866
2020-05-04 04:46,Duran Duran,Hungry Like the Wolf - 2009 Remaster,Monday,"['dance rock', 'new romantic', 'new wave', 'new wave pop', 'rock', 'synthpop']",220626
2020-05-04 04:49,Sidewalk Prophets,Smile,Monday,"['anthem worship', 'ccm', 'christian alternative rock', 'christian indie', 'christian music', 'christian pop', 'worship']",176133
2020-05-04 04:52,KONGOS,Come with Me Now,Monday,"['modern alternative rock', 'modern blues rock', 'modern rock', 'south african pop', 'south african rock']",211960
2020-05-04 04:56,We The Kings,Kids In The Moonlight,Monday,"['neon pop punk', 'piano rock', 'pop punk', 'pop rock', 'post-teen pop']",201813
2020-05-04 04:59,Lorrie Morgan,He Drinks Tequila,Monday,"['country', 'country dawn', 'country rock']",189040
2020-05-04 05:01,Post Malone,Psycho (feat. Ty Dolla $ign),Monday,"['dfw rap', 'melodic rap', 'rap']",74616
2020-05-04 19:16,Hot Country Knights,Pick Her Up - Radio Edit,Monday,[],157232
2020-05-04 19:20,Emotional Oranges,West Coast Love,Monday,['alternative r&b'],215386
2020-05-04 19:23,Thomas Rhett,Almost,Monday,"['contemporary country', 'country', 'country road', 'modern country rock']",191591
2020-05-04 19:26,Loud Luxury,Body On My,Monday,"['dance pop', 'edm', 'electro house', 'pop', 'pop dance', 'pop edm', 'tropical house']",192506
2020-05-04 19:27,Shakira,Addicted to You,Monday,"['colombian pop', 'dance pop', 'latin', 'latin pop', 'pop']",52399
2020-05-04 19:33,Brett Dennen,Comeback Kid (That's My Dog),Monday,"['acoustic pop', 'indie folk', 'neo mellow', 'pop rock', 'stomp and holler']",178863
2020-05-04 19:39,Stealers Wheel,Stuck In The Middle With You,Monday,"['classic rock', 'classic uk pop', 'folk rock', 'soft rock']",203893
2020-05-04 19:44,Frankie Valli & The Four Seasons,"December, 1963 (Oh What a Night!)",Monday,"['adult standards', 'brill building pop', 'bubblegum pop', 'doo-wop', 'folk rock', 'lounge', 'motown', 'northern soul', 'rock-and-roll']",87260
2020-05-04 19:53,James Taylor,Carolina in My Mind,Monday,"['adult standards', 'classic rock', 'folk', 'folk rock', 'mellow gold', 'rock', 'roots rock', 'singer-songwriter', 'soft rock']",226328
2020-05-04 19:58,First Class,Beach Baby,Monday,[],288189
2020-05-04 20:01,Phil Collins,You Can't Hurry Love - 2016 Remaster,Monday,"['mellow gold', 'rock drums', 'soft rock']",170827
2020-05-04 20:05,Tim McGraw,Thought About You,Monday,"['contemporary country', 'country', 'country road']",221817
2020-05-04 20:08,The Jackson 5,I Want You Back,Monday,"['adult standards', 'motown']",176333
2020-05-04 20:11,Selena,Como La Flor - Remastered,Monday,"['dance pop', 'pop', 'pop dance', 'post-teen pop']",186373
2020-05-04 20:13,Jennifer Lopez,Let's Get Loud,Monday,"['dance pop', 'pop', 'pop dance', 'pop rap', 'post-teen pop', 'urban contemporary']",159217
2020-05-04 20:17,Robin Schulz,Sugar (feat. Francesco Yates),Monday,"['dance pop', 'deep euro house', 'deep house', 'edm', 'german dance', 'pop', 'pop dance', 'tropical house']",219043
2020-05-04 20:21,Dobie Gray,Drift Away,Monday,"['motown', 'northern soul']",233706
2020-05-04 20:27,Dire Straits,Romeo and Juliet,Monday,"['album rock', 'blues rock', 'classic rock', 'mellow gold', 'rock', 'soft rock']",361395
2020-05-04 20:29,David Ball,Riding With Private Malone,Monday,"['country', 'country road', 'country rock']",107545
2020-05-04 21:10,Billy Joel,The Longest Time,Monday,"['album rock', 'classic rock', 'folk rock', 'mellow gold', 'piano rock', 'rock', 'singer-songwriter', 'soft rock']",217906
2020-05-04 21:11,Afrojack,Ten Feet Tall,Monday,"['big room', 'dance pop', 'deep big room', 'dutch house', 'edm', 'electro house', 'pop dance', 'progressive electro house', 'progressive house', 'tropical house']",45713
2020-05-04 21:13,Los Lobos,La Bamba,Monday,['roots rock'],172733
2020-05-04 21:16,Lobo,A Simple Man,Monday,"['adult standards', 'brill building pop', 'bubblegum pop', 'classic uk pop', 'folk', 'folk rock', 'mellow gold', 'soft rock']",176440
2020-05-04 21:18,Andrew Peterson,Dancing In The Minefields,Monday,"['acoustic pop', 'anthem worship', 'ccm', 'christian alternative rock', 'christian music', 'indiecoustica', 'roots worship', 'worship']",93866
2020-05-04 21:21,Florida Georgia Line,H.O.L.Y.,Monday,"['contemporary country', 'country', 'country pop', 'country road', 'modern country rock']",194186
2020-05-04 21:33,Train,Valentine,Monday,"['dance pop', 'neo mellow', 'pop', 'pop rock']",205746
2020-05-04 21:36,Niall Horan,Slow Hands,Monday,"['dance pop', 'pop', 'post-teen pop']",188174
2020-05-04 21:39,Lewis Capaldi,Someone You Loved,Monday,"['pop', 'uk pop']",182160
2020-05-04 21:44,Zac Brown Band,Toes,Monday,"['contemporary country', 'country', 'country road', 'modern country rock']",262773
2020-05-05 01:37,Pentatonix,Somebody That I Used to Know,Tuesday,['a cappella'],47265
2020-05-05 03:42,The Kinks,Victoria - Stereo Mix,Tuesday,"['album rock', 'art rock', 'british invasion', 'classic rock', 'dance rock', 'folk rock', 'glam rock', 'mellow gold', 'protopunk', 'psychedelic rock', 'rock', 'roots rock']",88261
2020-05-05 04:14,The Kinks,Victoria - Stereo Mix,Tuesday,"['album rock', 'art rock', 'british invasion', 'classic rock', 'dance rock', 'folk rock', 'glam rock', 'mellow gold', 'protopunk', 'psychedelic rock', 'rock', 'roots rock']",217710
2020-05-05 04:36,King Calaway,World For Two,Tuesday,['country pop'],34010
2020-05-05 04:37,Walker Hayes,90's Country,Tuesday,"['contemporary country', 'country', 'country road', 'modern country rock']",41900
2020-05-05 04:37,Jaron And The Long Road To Love,Pray For You,Tuesday,"['contemporary country', 'country', 'country road', 'modern country rock']",31690
2020-05-05 04:39,LOCASH,One Big Country Song,Tuesday,"['contemporary country', 'country pop', 'country rap', 'country road', 'modern country rock']",139330
2020-05-05 04:42,Bowling For Soup,I Melt With You,Tuesday,"['comic', 'pop punk', 'texas pop punk']",61010
2020-05-05 04:43,Billy Currington,Details,Tuesday,"['contemporary country', 'country', 'country road', 'modern country rock']",40510
2020-05-05 04:46,Mark Wills,19 Somethin' - Greatest Hits Version,Tuesday,"['contemporary country', 'country', 'country road']",114600
2020-05-05 04:47,The Afters,Moments Like This,Tuesday,"['anthem worship', 'ccm', 'christian alternative rock', 'christian music', 'christian pop', 'christian rock', 'world worship', 'worship']",66050
2020-05-05 04:49,Levon,Ms. Marianne,Tuesday,"['alternative country', 'blues rock', 'country rock', 'folk', 'folk rock', 'jam band', 'new americana', 'rock drums', 'roots rock', 'traditional folk']",68460
2020-05-05 04:53,Mitchell Tenpenny,Alcohol You Later,Tuesday,"['contemporary country', 'heartland rock']",37410
2020-05-05 04:54,The Railers,11:59 (Central Standard Time),Tuesday,[],66950
2020-05-05 04:56,Backstreet Boys,No Place,Tuesday,"['boy band', 'dance pop', 'europop']",36500
2020-05-05 04:59,Kenny Chesney,Happy Does,Tuesday,"['contemporary country', 'country', 'country road']",63800
2020-05-05 05:02,Uncle Kracker,No Time To Be Sober,Tuesday,"['country', 'country road', 'pop rock']",80800
2020-05-05 05:04,High Valley,Northern Star,Tuesday,"['alberta country', 'canadian contemporary country', 'canadian country', 'contemporary country', 'country', 'country pop', 'country road', 'modern country rock']",149660
2020-05-05 05:08,Sammy Adams,On My Own,Tuesday,"['indie pop rap', 'pop rap']",43180
2020-05-05 05:08,Luke Combs,Six Feet Apart,Tuesday,['contemporary country'],182660
2020-05-05 05:09,TobyMac,See The Light - Radio Version,Tuesday,"['ccm', 'christian alternative rock', 'christian hip hop', 'christian music', 'worship']",51420
2020-05-05 05:21,Keith Urban,Polaroid,Tuesday,"['australian country', 'australian pop', 'contemporary country', 'country', 'country road']",36200
2020-05-05 05:22,Florida Georgia Line,I Love My Country - Acoustic At Home,Tuesday,"['contemporary country', 'country', 'country pop', 'country road', 'modern country rock']",81210
2020-05-05 05:23,Hillsong Worship,Awake My Soul - Live,Tuesday,"['ccm', 'christian music', 'russian ccm', 'world worship', 'worship']",61520
2020-05-05 05:26,The Killers,Fire In Bone,Tuesday,"['modern rock', 'permanent wave', 'rock']",35100
2020-05-05 05:27,The Killers,Human,Tuesday,"['modern rock', 'permanent wave', 'rock']",62810
2020-05-05 05:32,The Kinks,You Really Got Me - Mono Mix,Tuesday,"['album rock', 'art rock', 'british invasion', 'classic rock', 'dance rock', 'folk rock', 'glam rock', 'mellow gold', 'protopunk', 'psychedelic rock', 'rock', 'roots rock']",72230
2020-05-05 05:33,The Kinks,Lola - Coca Cola Version,Tuesday,"['album rock', 'art rock', 'british invasion', 'classic rock', 'dance rock', 'folk rock', 'glam rock', 'mellow gold', 'protopunk', 'psychedelic rock', 'rock', 'roots rock']",38570
2020-05-05 05:33,The Kinks,You Really Got Me - 2014 Remastered Version,Tuesday,"['album rock', 'art rock', 'british invasion', 'classic rock', 'dance rock', 'folk rock', 'glam rock', 'mellow gold', 'protopunk', 'psychedelic rock', 'rock', 'roots rock']",31810
2020-05-05 05:35,The Kinks,Sunny Afternoon - Mono Mix,Tuesday,"['album rock', 'art rock', 'british invasion', 'classic rock', 'dance rock', 'folk rock', 'glam rock', 'mellow gold', 'protopunk', 'psychedelic rock', 'rock', 'roots rock']",37660
2020-05-05 05:35,The Kinks,All Day and All of the Night,Tuesday,"['album rock', 'art rock', 'british invasion', 'classic rock', 'dance rock', 'folk rock', 'glam rock', 'mellow gold', 'protopunk', 'psychedelic rock', 'rock', 'roots rock']",33160
2020-05-05 20:03,Starfield,Filled With Your Glory,Tuesday,"['canadian ccm', 'ccm', 'christian alternative rock', 'christian music', 'worship']",143153
2020-05-05 20:07,Zac Brown Band,The Wind,Tuesday,"['contemporary country', 'country', 'country road', 'modern country rock']",167095
2020-05-05 20:09,The Kinks,Victoria - Stereo Mix,Tuesday,"['album rock', 'art rock', 'british invasion', 'classic rock', 'dance rock', 'folk rock', 'glam rock', 'mellow gold', 'protopunk', 'psychedelic rock', 'rock', 'roots rock']",105248
2020-05-05 20:53,The Kinks,Victoria - Stereo Mix,Tuesday,"['album rock', 'art rock', 'british invasion', 'classic rock', 'dance rock', 'folk rock', 'glam rock', 'mellow gold', 'protopunk', 'psychedelic rock', 'rock', 'roots rock']",220280
2020-05-05 21:01,Kings of Leon,Sex on Fire,Tuesday,"['modern rock', 'rock']",203346
2020-05-05 21:06,Declan McKenna,Brazil,Tuesday,"['indie pop', 'modern alternative rock', 'modern rock', 'rock']",252306
2020-05-05 21:12,The Kinks,You Really Got Me - Mono Mix,Tuesday,"['album rock', 'art rock', 'british invasion', 'classic rock', 'dance rock', 'folk rock', 'glam rock', 'mellow gold', 'protopunk', 'psychedelic rock', 'rock', 'roots rock']",134253
2020-05-05 21:23,Rascal Flatts,Fast Cars And Freedom,Tuesday,"['contemporary country', 'country', 'country road', 'pop rock']",262186
2020-05-06 02:18,Luke Combs,Six Feet Apart,Wednesday,['contemporary country'],199068
2020-05-06 02:22,Billy Joel,The Longest Time,Wednesday,"['album rock', 'classic rock', 'folk rock', 'mellow gold', 'piano rock', 'rock', 'singer-songwriter', 'soft rock']",208220
2020-05-06 05:32,Declan McKenna,Brazil,Wednesday,"['indie pop', 'modern alternative rock', 'modern rock', 'rock']",116930
2020-05-06 15:10,ABBA,Mamma Mia,Wednesday,"['europop', 'swedish pop']",215266
2020-05-06 15:43,Luke Combs,Beautiful Crazy,Wednesday,['contemporary country'],193200
2020-05-06 15:49,Paolo Nutini,New Shoes,Wednesday,"['british soul', 'neo mellow', 'scottish singer-songwriter']",203653
2020-05-06 15:55,Uncle Kracker,Smile,Wednesday,"['country', 'country road', 'pop rock']",201626
2020-05-06 15:59,Luke Bryan,One Margarita,Wednesday,"['contemporary country', 'country', 'country road']",193426
2020-05-06 16:15,The Kinks,Victoria - Stereo Mix,Wednesday,"['album rock', 'art rock', 'british invasion', 'classic rock', 'dance rock', 'folk rock', 'glam rock', 'mellow gold', 'protopunk', 'psychedelic rock', 'rock', 'roots rock']",220280
2020-05-06 16:41,Emotional Oranges,Sundays,Wednesday,['alternative r&b'],189093
2020-05-06 16:48,Stealers Wheel,Stuck In The Middle With You,Wednesday,"['classic rock', 'classic uk pop', 'folk rock', 'soft rock']",203893
2020-05-06 17:17,Old Dominion,No Such Thing as a Broken Heart,Wednesday,"['contemporary country', 'country road']",176083
2020-05-06 17:22,Blue Öyster Cult,Burnin' for You,Wednesday,"['album rock', 'art rock', 'blues rock', 'classic rock', 'hard rock', 'metal', 'rock', 'soft rock']",271000
2020-05-06 17:26,Elton John,Don't Go Breaking My Heart,Wednesday,"['glam rock', 'mellow gold', 'piano rock', 'soft rock']",271133
2020-05-06 17:30,The Kinks,Victoria - Stereo Mix,Wednesday,"['album rock', 'art rock', 'british invasion', 'classic rock', 'dance rock', 'folk rock', 'glam rock', 'mellow gold', 'protopunk', 'psychedelic rock', 'rock', 'roots rock']",220280
2020-05-06 17:32,The Kinks,You Really Got Me - Mono Mix,Wednesday,"['album rock', 'art rock', 'british invasion', 'classic rock', 'dance rock', 'folk rock', 'glam rock', 'mellow gold', 'protopunk', 'psychedelic rock', 'rock', 'roots rock']",134253
2020-05-06 17:35,Kenny Chesney,American Kids,Wednesday,"['contemporary country', 'country', 'country road']",182960
2020-05-06 17:42,Carpenters,Top Of The World,Wednesday,"['adult standards', 'brill building pop', 'mellow gold', 'soft rock']",179173
2020-05-06 17:48,Dan + Shay,Road Trippin',Wednesday,"['contemporary country', 'pop']",101504
2020-05-06 17:51,The Beach Boys,I Get Around (Mono),Wednesday,"['baroque pop', 'brill building pop', 'classic rock', 'folk rock', 'psychedelic rock', 'rock', 'sunshine pop']",129248
2020-05-06 17:54,Led Zeppelin,Immigrant Song - Remaster,Wednesday,"['album rock', 'classic rock', 'hard rock', 'rock']",144106
2020-05-06 17:57,Rascal Flatts,Dance,Wednesday,"['contemporary country', 'country', 'country road', 'pop rock']",199271
2020-05-06 17:59,Merle Haggard,Mama Tried,Wednesday,"['bakersfield sound', 'country', 'country rock', 'nashville sound', 'outlaw country']",134453
2020-05-06 18:03,Old Dominion,Snapback,Wednesday,"['contemporary country', 'country road']",205322
2020-05-06 18:07,John Parr,St. Elmos Fire (Man in Motion),Wednesday,"['album rock', 'mellow gold', 'new wave pop', 'soft rock']",251800
2020-05-06 18:10,Simple Plan,Jet Lag (feat. Natasha Bedingfield),Wednesday,"['canadian pop punk', 'canadian punk', 'canadian rock', 'pop punk']",204526
2020-05-06 18:18,Jonas Brothers,Lovebug,Wednesday,"['boy band', 'dance pop', 'pop', 'pop dance', 'pop rock', 'post-teen pop']",218408
2020-05-06 18:48,Boston,Peace of Mind,Wednesday,"['album rock', 'art rock', 'classic rock', 'country rock', 'hard rock', 'mellow gold', 'rock', 'soft rock']",300194
2020-05-06 18:55,Hinder,Lips Of An Angel,Wednesday,"['alternative metal', 'nu metal', 'pop rock', 'post-grunge']",256431
2020-05-06 18:59,Justin Moore,If Heaven Wasn't So Far Away,Wednesday,"['arkansas country', 'contemporary country', 'country', 'country road', 'modern country rock', 'redneck']",223280
2020-05-06 19:03,Fall Out Boy,"Sugar, We're Goin Down",Wednesday,"['emo', 'modern rock', 'pop punk']",229093
2020-05-06 19:10,Keith Urban,Even The Stars Fall 4 U,Wednesday,"['australian country', 'australian pop', 'contemporary country', 'country', 'country road']",239400
2020-05-06 22:05,Jelani Aryeh,Stella Brown,Wednesday,"['alternative r&b', 'bedroom soul']",187415
2020-05-06 22:07,Declan McKenna,Brazil,Wednesday,"['indie pop', 'modern alternative rock', 'modern rock', 'rock']",82119
2020-05-06 22:17,Tiësto,WOW,Wednesday,"['big room', 'brostep', 'dance pop', 'dutch edm', 'edm', 'electro house', 'house', 'pop', 'pop dance', 'trance', 'tropical house']",148125
2020-05-06 22:20,Skillet,Feel Invincible,Wednesday,"['alternative metal', 'christian alternative rock', 'christian music', 'christian rock']",193241
2020-05-07 20:53,Sam Hunt,Hard To Forget,Thursday,"['contemporary country', 'country pop']",204760
2020-05-07 21:38,Carrie Underwood,Some Hearts,Thursday,"['contemporary country', 'country', 'country dawn', 'country road', 'dance pop', 'oklahoma country', 'pop', 'post-teen pop']",228426
2020-05-07 21:46,KANA-BOON,Silhouette,Thursday,"['anime', 'j-pop', 'j-poprock', 'j-rock']",240133
2020-05-07 22:02,Spencer Crandall,Do It All Again,Thursday,"['contemporary country', 'country pop']",203018
2020-05-07 22:27,Old Dominion,My Heart Is a Bar,Thursday,"['contemporary country', 'country road']",238986
2020-05-08 05:56,Zac Brown Band,Mango Tree,Friday,"['contemporary country', 'country', 'country road', 'modern country rock']",75850
2020-05-08 08:40,Christina Perri,A Thousand Years,Friday,"['dance pop', 'neo mellow', 'pop', 'pop rock', 'post-teen pop', 'viral pop']",149690
2020-05-08 21:56,Billy Joel,The Longest Time,Friday,"['album rock', 'classic rock', 'folk rock', 'mellow gold', 'piano rock', 'rock', 'singer-songwriter', 'soft rock']",130665
2020-05-08 22:03,Luke Combs,Six Feet Apart,Friday,['contemporary country'],195764
2020-05-08 22:13,The Weeknd,Blinding Lights,Friday,"['canadian contemporary r&b', 'canadian pop', 'pop']",200040
2020-05-08 22:19,Declan McKenna,Brazil,Friday,"['indie pop', 'modern alternative rock', 'modern rock', 'rock']",114885
2020-05-08 23:47,The Kinks,Victoria - Stereo Mix,Friday,"['album rock', 'art rock', 'british invasion', 'classic rock', 'dance rock', 'folk rock', 'glam rock', 'mellow gold', 'protopunk', 'psychedelic rock', 'rock', 'roots rock']",35410
2020-05-09 00:32,Luke Combs,Six Feet Apart,Saturday,['contemporary country'],199068
2020-05-09 00:47,The Kinks,Victoria - Stereo Mix,Saturday,"['album rock', 'art rock', 'british invasion', 'classic rock', 'dance rock', 'folk rock', 'glam rock', 'mellow gold', 'protopunk', 'psychedelic rock', 'rock', 'roots rock']",213674
2020-05-09 00:50,Joseph Vincent,Set You Free,Saturday,"['pop', 'viral pop']",203091
2020-05-09 00:52,Sammy Johns,Chevy Van,Saturday,"['jawaiian', 'polynesian pop']",79644
2020-05-09 00:54,Sammy Johns,Chevy Van,Saturday,"['jawaiian', 'polynesian pop']",98590
2020-05-09 01:01,Plain White T's,Rhythm Of Love,Saturday,"['neo mellow', 'pop', 'pop punk', 'pop rock']",195848
2020-05-09 01:07,Chris Young,Town Ain't Big Enough,Saturday,"['contemporary country', 'country', 'country road', 'modern country rock']",171800
2020-05-09 01:08,Olly Murs,Dance with Me Tonight,Saturday,"['dance pop', 'europop', 'pop', 'pop dance', 'pop rock', 'post-teen pop', 'talent show', 'tropical house', 'uk pop']",42641
2020-05-09 02:01,The Foundations,Build Me Up Buttercup,Saturday,"['brill building pop', 'bubblegum pop', 'folk rock', 'motown']",177533
2020-05-09 02:02,Jonas Brothers,BB Good,Saturday,"['boy band', 'dance pop', 'pop', 'pop dance', 'pop rock', 'post-teen pop']",65200
2020-05-09 02:06,Christina Perri,A Thousand Years,Saturday,"['dance pop', 'neo mellow', 'pop', 'pop rock', 'post-teen pop', 'viral pop']",277069
2020-05-09 02:27,Luke Combs,Beautiful Crazy,Saturday,['contemporary country'],193200
2020-05-09 02:28,Anthem Lights,Follow Your Heart,Saturday,"['ccm', 'christian alternative rock', 'christian music', 'viral pop']",40176
2020-05-09 02:31,Lady A,What I’m Leaving For,Saturday,"['contemporary country', 'country', 'country dawn', 'country pop', 'country road', 'neo mellow', 'pop rock']",197643
2020-05-09 02:34,Blake Shelton,Nobody But You (Duet with Gwen Stefani) - Acoustic,Saturday,"['contemporary country', 'country', 'country road', 'oklahoma country']",198413
2020-05-09 02:38,Luke Combs,Six Feet Apart,Saturday,['contemporary country'],190391
2020-05-09 21:54,The Kinks,Victoria - Stereo Mix,Saturday,"['album rock', 'art rock', 'british invasion', 'classic rock', 'dance rock', 'folk rock', 'glam rock', 'mellow gold', 'protopunk', 'psychedelic rock', 'rock', 'roots rock']",189993
2020-05-09 22:09,Bobby Day,Rockin' Robin,Saturday,"['doo-wop', 'rhythm and blues', 'rock-and-roll', 'rockabilly']",160080
